Date,Ingredient_ID,quantity_used
2026-06-23,I_001,7.7353
2026-06-23,I_002,0.09682
2026-06-23,I_003,3.5595000000000003
2026-06-23,I_004,2.7108000000000003
2026-06-23,I_005,0.07176
2026-06-23,I_006,1.29584
2026-06-23,I_007,28.8638
2026-06-23,I_008,0.48816000000000004
2026-06-23,I_009,0.76735
2026-06-23,I_010,3.6941000000000006
2026-06-23,I_011,0.8240000000000001
2026-06-23,I_012,1.39256
2026-06-23,I_013,3.40416
2026-06-23,I_014,3.3631200000000003
2026-06-23,I_015,0.99792
2026-06-23,I_016,0.22866
2026-06-23,I_017,5.044700000000001
2026-06-23,I_018,4.3142000000000005
2026-06-23,I_019,7.27545
2026-06-23,I_020,11.971800000000002
2026-06-23,I_021,2.6136
2026-06-23,I_022,0.9867400000000001
2026-06-23,I_023,0.013831999999999999
2026-06-23,I_024,1.9145400000000001
2026-06-23,I_025,1.5912
2026-06-23,I_026,11.3184
2026-06-23,I_027,0.6324200000000001
2026-06-23,I_028,9.3215
2026-06-23,I_029,6.1745
2026-06-23,I_030,8.109
2026-06-23,I_031,1.0712000000000002
2026-06-23,I_032,1.236
2026-06-23,I_033,1.3596
2026-06-23,I_034,1.7496
2026-06-24,I_001,7.817699999999999
2026-06-24,I_002,0.10300000000000001
2026-06-24,I_003,3.39255
2026-06-24,I_004,3.1482000000000006
2026-06-24,I_005,0.07852
2026-06-24,I_006,1.20432
2026-06-24,I_007,30.422
2026-06-24,I_008,0.5346
2026-06-24,I_009,0.8188500000000001
2026-06-24,I_010,3.2171000000000007
2026-06-24,I_011,0.9074300000000001
2026-06-24,I_012,1.44921
2026-06-24,I_013,3.5229600000000003
2026-06-24,I_014,3.47976
2026-06-24,I_015,1.0616400000000001
2026-06-24,I_016,0.18746000000000002
2026-06-24,I_017,4.6277
2026-06-24,I_018,5.2841000000000005
2026-06-24,I_019,7.581
2026-06-24,I_020,12.371400000000001
2026-06-24,I_021,2.3436000000000003
2026-06-24,I_022,1.03618
2026-06-24,I_023,0.01508
2026-06-24,I_024,1.9788000000000001
2026-06-24,I_025,2.0705999999999998
2026-06-24,I_026,11.2752
2026-06-24,I_027,0.6890700000000001
2026-06-24,I_028,10.0425
2026-06-24,I_029,6.0102
2026-06-24,I_030,6.2010000000000005
2026-06-24,I_031,1.8025000000000002
2026-06-24,I_032,1.2978
2026-06-24,I_033,1.1896499999999999
2026-06-24,I_034,2.3328
2026-06-25,I_001,10.9077
2026-06-25,I_002,0.09682
2026-06-25,I_003,3.7915500000000004
2026-06-25,I_004,3.24
2026-06-25,I_005,0.0936
2026-06-25,I_006,1.5163200000000001
2026-06-25,I_007,32.934200000000004
2026-06-25,I_008,0.65988
2026-06-25,I_009,0.9053700000000001
2026-06-25,I_010,4.0280000000000005
2026-06-25,I_011,0.9156700000000001
2026-06-25,I_012,1.61504
2026-06-25,I_013,4.01544
2026-06-25,I_014,3.9614400000000005
2026-06-25,I_015,1.2992400000000002
2026-06-25,I_016,0.24514000000000002
2026-06-25,I_017,4.7675
2026-06-25,I_018,4.383100000000001
2026-06-25,I_019,8.80425
2026-06-25,I_020,14.628600000000002
2026-06-25,I_021,2.9052
2026-06-25,I_022,1.15772
2026-06-25,I_023,0.019032
2026-06-25,I_024,2.21952
2026-06-25,I_025,1.9584000000000001
2026-06-25,I_026,13.5324
2026-06-25,I_027,0.7683800000000001
2026-06-25,I_028,10.485400000000002
2026-06-25,I_029,7.234500000000001
2026-06-25,I_030,9.381
2026-06-25,I_031,1.6171000000000002
2026-06-25,I_032,1.6686
2026-06-25,I_033,1.07635
2026-06-25,I_034,1.7496
2026-06-26,I_001,10.4442
2026-06-26,I_002,0.14420000000000002
2026-06-26,I_003,4.4499
2026-06-26,I_004,3.5100000000000002
2026-06-26,I_005,0.09776000000000001
2026-06-26,I_006,1.64736
2026-06-26,I_007,39.696999999999996
2026-06-26,I_008,0.70416
2026-06-26,I_009,1.02691
2026-06-26,I_010,4.552700000000001
2026-06-26,I_011,1.1031300000000002
2026-06-26,I_012,1.8179500000000002
2026-06-26,I_013,4.5360000000000005
2026-06-26,I_014,4.47768
2026-06-26,I_015,1.37592
2026-06-26,I_016,0.26368
2026-06-26,I_017,6.6836
2026-06-26,I_018,6.1745
2026-06-26,I_019,9.75975
2026-06-26,I_020,15.784200000000002
2026-06-26,I_021,3.8016
2026-06-26,I_022,1.3328200000000001
2026-06-26,I_023,0.019032
2026-06-26,I_024,2.5724400000000003
2026-06-26,I_025,2.2695000000000003
2026-06-26,I_026,14.634
2026-06-26,I_027,0.8600500000000001
2026-06-26,I_028,12.9574
2026-06-26,I_029,8.310400000000001
2026-06-26,I_030,9.222000000000001
2026-06-26,I_031,1.4935
2026-06-26,I_032,1.854
2026-06-26,I_033,1.52955
2026-06-26,I_034,2.9160000000000004
2026-06-27,I_001,14.6775
2026-06-27,I_002,0.18952000000000002
2026-06-27,I_003,5.9430000000000005
2026-06-27,I_004,5.6160000000000005
2026-06-27,I_005,0.13988
2026-06-27,I_006,1.92504
2026-06-27,I_007,54.6642
2026-06-27,I_008,0.90612
2026-06-27,I_009,1.3359100000000002
2026-06-27,I_010,5.681600000000001
2026-06-27,I_011,1.5295500000000002
2026-06-27,I_012,2.51114
2026-06-27,I_013,6.2208000000000006
2026-06-27,I_014,6.13224
2026-06-27,I_015,1.96236
2026-06-27,I_016,0.34608000000000005
2026-06-27,I_017,8.910499999999999
2026-06-27,I_018,7.9924
2026-06-27,I_019,12.6483
2026-06-27,I_020,21.443400000000004
2026-06-27,I_021,3.9528000000000003
2026-06-27,I_022,1.82619
2026-06-27,I_023,0.027767999999999998
2026-06-27,I_024,3.3935400000000002
2026-06-27,I_025,3.1059
2026-06-27,I_026,19.7802
2026-06-27,I_027,1.1700800000000002
2026-06-27,I_028,14.2758
2026-06-27,I_029,10.366800000000001
2026-06-27,I_030,10.812000000000001
2026-06-27,I_031,3.4608000000000008
2026-06-27,I_032,2.2866
2026-06-27,I_033,2.77585
2026-06-27,I_034,1.1664
2026-06-28,I_001,11.124
2026-06-28,I_002,0.16686
2026-06-28,I_003,4.9917
2026-06-28,I_004,4.3254
2026-06-28,I_005,0.10348000000000002
2026-06-28,I_006,1.80024
2026-06-28,I_007,43.6932
2026-06-28,I_008,0.7581600000000001
2026-06-28,I_009,1.1124
2026-06-28,I_010,5.0456
2026-06-28,I_011,1.26381
2026-06-28,I_012,2.03013
2026-06-28,I_013,5.168880000000001
2026-06-28,I_014,5.0868
2026-06-28,I_015,1.6308
2026-06-28,I_016,0.31724
2026-06-28,I_017,6.4535
2026-06-28,I_018,6.890000000000001
2026-06-28,I_019,11.098500000000001
2026-06-28,I_020,17.8578
2026-06-28,I_021,2.5812
2026-06-28,I_022,1.4687800000000002
2026-06-28,I_023,0.019864
2026-06-28,I_024,2.8774200000000003
2026-06-28,I_025,2.5143
2026-06-28,I_026,16.2864
2026-06-28,I_027,0.9589300000000001
2026-06-28,I_028,14.945300000000001
2026-06-28,I_029,8.8934
2026-06-28,I_030,11.129999999999999
2026-06-28,I_031,2.3072000000000004
2026-06-28,I_032,2.2248
2026-06-28,I_033,1.98275
2026-06-28,I_034,2.9160000000000004
2026-06-29,I_001,6.890700000000001
2026-06-29,I_002,0.12566000000000002
2026-06-29,I_003,3.1195500000000003
2026-06-29,I_004,3.0402000000000005
2026-06-29,I_005,0.06968
2026-06-29,I_006,1.2230400000000001
2026-06-29,I_007,29.0546
2026-06-29,I_008,0.48384000000000005
2026-06-29,I_009,0.79825
2026-06-29,I_010,3.2383000000000006
2026-06-29,I_011,0.80649
2026-06-29,I_012,1.33488
2026-06-29,I_013,3.3782400000000004
2026-06-29,I_014,3.3156000000000003
2026-06-29,I_015,1.04004
2026-06-29,I_016,0.19158000000000003
2026-06-29,I_017,4.7475000000000005
2026-06-29,I_018,4.950200000000001
2026-06-29,I_019,7.6030500000000005
2026-06-29,I_020,11.545200000000001
2026-06-29,I_021,2.2248
2026-06-29,I_022,0.9661400000000001
2026-06-29,I_023,0.013416
2026-06-29,I_024,1.92372
2026-06-29,I_025,1.6779000000000002
2026-06-29,I_026,10.4382
2026-06-29,I_027,0.61697
2026-06-29,I_028,11.021
2026-06-29,I_029,5.5014
2026-06-29,I_030,7.632000000000001
2026-06-29,I_031,1.5038000000000002
2026-06-29,I_032,1.2978
2026-06-29,I_033,0.96305
2026-06-29,I_034,1.9440000000000002
2026-06-30,I_001,8.8477
2026-06-30,I_002,0.11948
2026-06-30,I_003,3.38625
2026-06-30,I_004,2.8890000000000002
2026-06-30,I_005,0.08164000000000002
2026-06-30,I_006,1.13048
2026-06-30,I_007,28.916800000000002
2026-06-30,I_008,0.61452
2026-06-30,I_009,0.74366
2026-06-30,I_010,2.9892000000000003
2026-06-30,I_011,0.85284
2026-06-30,I_012,1.36887
2026-06-30,I_013,3.5532000000000004
2026-06-30,I_014,3.50568
2026-06-30,I_015,1.16424
2026-06-30,I_016,0.18952000000000002
2026-06-30,I_017,5.5653
2026-06-30,I_018,6.275200000000001
2026-06-30,I_019,7.7259
2026-06-30,I_020,12.182400000000001
2026-06-30,I_021,3.4344
2026-06-30,I_022,1.1268200000000002
2026-06-30,I_023,0.016952000000000002
2026-06-30,I_024,2.00226
2026-06-30,I_025,2.5092000000000003
2026-06-30,I_026,11.3292
2026-06-30,I_027,0.69628
2026-06-30,I_028,8.7138
2026-06-30,I_029,5.8565000000000005
2026-06-30,I_030,8.427
2026-06-30,I_031,1.3802
2026-06-30,I_032,1.9776
2026-06-30,I_033,1.0197
2026-06-30,I_034,1.3608000000000002
2026-07-01,I_001,7.725
2026-07-01,I_002,0.12978
2026-07-01,I_003,3.4482
2026-07-01,I_004,3.1644
2026-07-01,I_005,0.07072
2026-07-01,I_006,1.25112
2026-07-01,I_007,32.2664
2026-07-01,I_008,0.52812
2026-07-01,I_009,0.83636
2026-07-01,I_010,3.3549000000000007
2026-07-01,I_011,0.9362700000000002
2026-07-01,I_012,1.45642
2026-07-01,I_013,3.6331200000000003
2026-07-01,I_014,3.5856000000000003
2026-07-01,I_015,1.05732
2026-07-01,I_016,0.21630000000000002
2026-07-01,I_017,4.7104
2026-07-01,I_018,5.8088
2026-07-01,I_019,7.5012
2026-07-01,I_020,12.241800000000001
2026-07-01,I_021,2.9592
2026-07-01,I_022,1.08356
2026-07-01,I_023,0.015496
2026-07-01,I_024,2.03796
2026-07-01,I_025,1.683
2026-07-01,I_026,11.6748
2026-07-01,I_027,0.72718
2026-07-01,I_028,10.1455
2026-07-01,I_029,5.989
2026-07-01,I_030,7.314
2026-07-01,I_031,1.5347000000000002
2026-07-01,I_032,1.6068
2026-07-01,I_033,1.2463
2026-07-01,I_034,1.1664
2026-07-02,I_001,10.815
2026-07-02,I_002,0.11124
2026-07-02,I_003,3.6267000000000005
2026-07-02,I_004,3.4128000000000003
2026-07-02,I_005,0.08788000000000001
2026-07-02,I_006,1.09824
2026-07-02,I_007,32.001400000000004
2026-07-02,I_008,0.69228
2026-07-02,I_009,0.8137000000000001
2026-07-02,I_010,3.1588000000000003
2026-07-02,I_011,0.9888000000000001
2026-07-02,I_012,1.5975300000000001
2026-07-02,I_013,3.99384
2026-07-02,I_014,3.9528000000000003
2026-07-02,I_015,1.33596
2026-07-02,I_016,0.21012000000000003
2026-07-02,I_017,5.7863
2026-07-02,I_018,5.9572
2026-07-02,I_019,8.382150000000001
2026-07-02,I_020,13.9266
2026-07-02,I_021,3.7476000000000003
2026-07-02,I_022,1.29471
2026-07-02,I_023,0.019656
2026-07-02,I_024,2.23992
2026-07-02,I_025,2.0808
2026-07-02,I_026,13.1058
2026-07-02,I_027,0.8126700000000001
2026-07-02,I_028,9.331800000000001
2026-07-02,I_029,6.847600000000001
2026-07-02,I_030,7.95
2026-07-02,I_031,1.9261000000000001
2026-07-02,I_032,1.854
2026-07-02,I_033,1.52955
2026-07-02,I_034,1.3608000000000002
2026-07-03,I_001,10.3515
2026-07-03,I_002,0.15038
2026-07-03,I_003,5.13135
2026-07-03,I_004,4.3632
2026-07-03,I_005,0.08944
2026-07-03,I_006,1.49136
2026-07-03,I_007,41.7322
2026-07-03,I_008,0.7614
2026-07-03,I_009,1.02897
2026-07-03,I_010,4.5474000000000006
2026-07-03,I_011,1.32149
2026-07-03,I_012,1.98069
2026-07-03,I_013,5.0133600000000005
2026-07-03,I_014,4.95504
2026-07-03,I_015,1.5606
2026-07-03,I_016,0.28634000000000004
2026-07-03,I_017,6.5291
2026-07-03,I_018,7.049
2026-07-03,I_019,10.114650000000001
2026-07-03,I_020,17.177400000000002
2026-07-03,I_021,3.4884
2026-07-03,I_022,1.5295500000000002
2026-07-03,I_023,0.019136
2026-07-03,I_024,2.7703200000000003
2026-07-03,I_025,2.4684
2026-07-03,I_026,16.470000000000002
2026-07-03,I_027,0.9846800000000001
2026-07-03,I_028,12.081900000000001
2026-07-03,I_029,7.9023
2026-07-03,I_030,8.427
2026-07-03,I_031,2.4205
2026-07-03,I_032,2.7192
2026-07-03,I_033,2.4926
2026-07-03,I_034,2.3328
2026-07-04,I_001,13.0398
2026-07-04,I_002,0.18128
2026-07-04,I_003,6.0522
2026-07-04,I_004,4.347
2026-07-04,I_005,0.13364
2026-07-04,I_006,2.33376
2026-07-04,I_007,54.06
2026-07-04,I_008,0.93096
2026-07-04,I_009,1.4450900000000002
2026-07-04,I_010,6.3759000000000015
2026-07-04,I_011,1.5820800000000002
2026-07-04,I_012,2.47818
2026-07-04,I_013,6.13008
2026-07-04,I_014,6.0652800000000004
2026-07-04,I_015,1.8187200000000001
2026-07-04,I_016,0.36256
2026-07-04,I_017,7.276300000000001
2026-07-04,I_018,7.2239
2026-07-04,I_019,12.6567
2026-07-04,I_020,21.286800000000003
2026-07-04,I_021,4.5576
2026-07-04,I_022,1.7623300000000002
2026-07-04,I_023,0.025064
2026-07-04,I_024,3.3782400000000004
2026-07-04,I_025,3.0294
2026-07-04,I_026,19.6128
2026-07-04,I_027,1.18038
2026-07-04,I_028,15.347000000000001
2026-07-04,I_029,10.8809
2026-07-04,I_030,11.448
2026-07-04,I_031,2.3381000000000003
2026-07-04,I_032,3.2136
2026-07-04,I_033,2.266
2026-07-04,I_034,2.7216000000000005
2026-07-05,I_001,14.317
2026-07-05,I_002,0.15450000000000003
2026-07-05,I_003,5.167050000000001
2026-07-05,I_004,4.309200000000001
2026-07-05,I_005,0.11024000000000002
2026-07-05,I_006,1.7264000000000002
2026-07-05,I_007,44.0112
2026-07-05,I_008,0.8445600000000001
2026-07-05,I_009,1.13815
2026-07-05,I_010,4.722300000000001
2026-07-05,I_011,1.28441
2026-07-05,I_012,2.05073
2026-07-05,I_013,5.27256
2026-07-05,I_014,5.21208
2026-07-05,I_015,1.6578000000000002
2026-07-05,I_016,0.2987000000000001
2026-07-05,I_017,7.9249
2026-07-05,I_018,7.7327
2026-07-05,I_019,11.32215
2026-07-05,I_020,18.300600000000003
2026-07-05,I_021,4.536
2026-07-05,I_022,1.59341
2026-07-05,I_023,0.022775999999999998
2026-07-05,I_024,2.97228
2026-07-05,I_025,3.0396
2026-07-05,I_026,17.047800000000002
2026-07-05,I_027,1.05884
2026-07-05,I_028,13.7917
2026-07-05,I_029,9.7149
2026-07-05,I_030,10.017
2026-07-05,I_031,2.1939
2026-07-05,I_032,2.2866
2026-07-05,I_033,1.86945
2026-07-05,I_034,0.9720000000000001
2026-07-06,I_001,6.5817
2026-07-06,I_002,0.0824
2026-07-06,I_003,3.2529000000000003
2026-07-06,I_004,2.5596000000000005
2026-07-06,I_005,0.065
2026-07-06,I_006,1.20744
2026-07-06,I_007,26.5424
2026-07-06,I_008,0.52056
2026-07-06,I_009,0.8178200000000001
2026-07-06,I_010,3.2648000000000006
2026-07-06,I_011,0.90022
2026-07-06,I_012,1.3946200000000002
2026-07-06,I_013,3.3480000000000003
2026-07-06,I_014,3.3264
2026-07-06,I_015,0.9666
2026-07-06,I_016,0.20806000000000002
2026-07-06,I_017,4.0391
2026-07-06,I_018,4.7064
2026-07-06,I_019,7.4949
2026-07-06,I_020,11.7774
2026-07-06,I_021,2.3112000000000004
2026-07-06,I_022,1.04751
2026-07-06,I_023,0.013832
2026-07-06,I_024,1.9155600000000002
2026-07-06,I_025,1.5555
2026-07-06,I_026,11.6694
2026-07-06,I_027,0.69937
2026-07-06,I_028,10.135200000000001
2026-07-06,I_029,5.6392
2026-07-06,I_030,7.791
2026-07-06,I_031,1.6686000000000003
2026-07-06,I_032,2.163
2026-07-06,I_033,1.0197
2026-07-06,I_034,0.9720000000000001
2026-07-07,I_001,8.1679
2026-07-07,I_002,0.0927
2026-07-07,I_003,3.3043500000000003
2026-07-07,I_004,2.5164
2026-07-07,I_005,0.07020000000000001
2026-07-07,I_006,0.9900800000000001
2026-07-07,I_007,25.281
2026-07-07,I_008,0.51732
2026-07-07,I_009,0.67671
2026-07-07,I_010,2.8408000000000007
2026-07-07,I_011,0.7776500000000001
2026-07-07,I_012,1.2596900000000002
2026-07-07,I_013,3.1406400000000003
2026-07-07,I_014,3.1082400000000003
2026-07-07,I_015,1.00764
2026-07-07,I_016,0.17716
2026-07-07,I_017,5.8784
2026-07-07,I_018,5.241700000000001
2026-07-07,I_019,7.13265
2026-07-07,I_020,10.8324
2026-07-07,I_021,3.7044
2026-07-07,I_022,0.9960100000000001
2026-07-07,I_023,0.014664
2026-07-07,I_024,1.9053600000000002
2026-07-07,I_025,1.9992
2026-07-07,I_026,10.125
2026-07-07,I_027,0.60667
2026-07-07,I_028,11.659600000000001
2026-07-07,I_029,5.2629
2026-07-07,I_030,6.519
2026-07-07,I_031,1.3802000000000003
2026-07-07,I_032,1.1742
2026-07-07,I_033,1.41625
2026-07-07,I_034,0.9720000000000001
2026-07-08,I_001,7.6529
2026-07-08,I_002,0.11948
2026-07-08,I_003,3.3747000000000003
2026-07-08,I_004,2.9214
2026-07-08,I_005,0.060840000000000005
2026-07-08,I_006,1.04728
2026-07-08,I_007,26.0866
2026-07-08,I_008,0.56592
2026-07-08,I_009,0.75705
2026-07-08,I_010,2.8991000000000007
2026-07-08,I_011,0.8682900000000001
2026-07-08,I_012,1.3493000000000002
2026-07-08,I_013,3.41928
2026-07-08,I_014,3.3782400000000004
2026-07-08,I_015,1.07568
2026-07-08,I_016,0.20394
2026-07-08,I_017,4.643000000000001
2026-07-08,I_018,6.6515
2026-07-08,I_019,7.056
2026-07-08,I_020,11.480400000000001
2026-07-08,I_021,4.1256
2026-07-08,I_022,1.11446
2026-07-08,I_023,0.014144
2026-07-08,I_024,1.9420800000000003
2026-07-08,I_025,2.1522
2026-07-08,I_026,11.3832
2026-07-08,I_027,0.6890700000000001
2026-07-08,I_028,9.187600000000002
2026-07-08,I_029,5.2258000000000004
2026-07-08,I_030,8.268
2026-07-08,I_031,1.9879000000000002
2026-07-08,I_032,1.236
2026-07-08,I_033,1.30295
2026-07-08,I_034,1.3608000000000002
2026-07-09,I_001,9.785
2026-07-09,I_002,0.0927
2026-07-09,I_003,3.9921
2026-07-09,I_004,3.2076000000000002
2026-07-09,I_005,0.06916000000000001
2026-07-09,I_006,1.19392
2026-07-09,I_007,29.0546
2026-07-09,I_008,0.56916
2026-07-09,I_009,0.75396
2026-07-09,I_010,3.5510000000000006
2026-07-09,I_011,0.8909500000000001
2026-07-09,I_012,1.4234600000000002
2026-07-09,I_013,3.66984
2026-07-09,I_014,3.62448
2026-07-09,I_015,1.16532
2026-07-09,I_016,0.23690000000000003
2026-07-09,I_017,5.704200000000001
2026-07-09,I_018,6.471300000000001
2026-07-09,I_019,7.8666
2026-07-09,I_020,12.987
2026-07-09,I_021,2.9268
2026-07-09,I_022,1.07841
2026-07-09,I_023,0.015912
2026-07-09,I_024,2.13078
2026-07-09,I_025,2.04
2026-07-09,I_026,12.501
2026-07-09,I_027,0.72409
2026-07-09,I_028,11.8244
2026-07-09,I_029,6.3865
2026-07-09,I_030,7.154999999999999
2026-07-09,I_031,1.6274000000000002
2026-07-09,I_032,1.4832
2026-07-09,I_033,1.6995
2026-07-09,I_034,0.9720000000000001
2026-07-10,I_001,10.681099999999999
2026-07-10,I_002,0.10094000000000002
2026-07-10,I_003,4.9686
2026-07-10,I_004,3.4884000000000004
2026-07-10,I_005,0.09776000000000001
2026-07-10,I_006,1.83664
2026-07-10,I_007,36.2732
2026-07-10,I_008,0.7668
2026-07-10,I_009,1.1402100000000002
2026-07-10,I_010,5.0403
2026-07-10,I_011,1.22055
2026-07-10,I_012,1.9240400000000002
2026-07-10,I_013,4.74336
2026-07-10,I_014,4.6958400000000005
2026-07-10,I_015,1.4958
2026-07-10,I_016,0.30694000000000005
2026-07-10,I_017,7.5738
2026-07-10,I_018,6.8847000000000005
2026-07-10,I_019,10.40235
2026-07-10,I_020,17.226000000000003
2026-07-10,I_021,4.698
2026-07-10,I_022,1.35239
2026-07-10,I_023,0.017888
2026-07-10,I_024,2.7132
2026-07-10,I_025,2.7132
2026-07-10,I_026,16.2054
2026-07-10,I_027,0.9270000000000002
2026-07-10,I_028,13.5136
2026-07-10,I_029,9.0365
2026-07-10,I_030,9.54
2026-07-10,I_031,2.6986
2026-07-10,I_032,1.6686
2026-07-10,I_033,1.86945
2026-07-10,I_034,2.5272
2026-07-11,I_001,16.0577
2026-07-11,I_002,0.17098000000000002
2026-07-11,I_003,6.3273
2026-07-11,I_004,4.7304
2026-07-11,I_005,0.12792
2026-07-11,I_006,2.16736
2026-07-11,I_007,50.4666
2026-07-11,I_008,0.9828
2026-07-11,I_009,1.3276700000000001
2026-07-11,I_010,6.179800000000001
2026-07-11,I_011,1.4904100000000002
2026-07-11,I_012,2.49466
2026-07-11,I_013,6.20784
2026-07-11,I_014,6.1452
2026-07-11,I_015,1.91052
2026-07-11,I_016,0.38934
2026-07-11,I_017,7.889
2026-07-11,I_018,8.6708
2026-07-11,I_019,12.400500000000001
2026-07-11,I_020,21.675600000000003
2026-07-11,I_021,3.8664
2026-07-11,I_022,1.91168
2026-07-11,I_023,0.028496
2026-07-11,I_024,3.4190400000000003
2026-07-11,I_025,2.856
2026-07-11,I_026,20.79
2026-07-11,I_027,1.19995
2026-07-11,I_028,13.482700000000001
2026-07-11,I_029,10.4145
2026-07-11,I_030,14.628
2026-07-11,I_031,2.06
2026-07-11,I_032,3.3372
2026-07-11,I_033,2.4926
2026-07-11,I_034,2.7216000000000005
2026-07-12,I_001,10.1764
2026-07-12,I_002,0.16892000000000001
2026-07-12,I_003,5.001150000000001
2026-07-12,I_004,4.6926000000000005
2026-07-12,I_005,0.09932000000000002
2026-07-12,I_006,1.69208
2026-07-12,I_007,43.2268
2026-07-12,I_008,0.76356
2026-07-12,I_009,1.17523
2026-07-12,I_010,4.669300000000001
2026-07-12,I_011,1.36578
2026-07-12,I_012,2.0517600000000003
2026-07-12,I_013,5.231520000000001
2026-07-12,I_014,5.15808
2026-07-12,I_015,1.62216
2026-07-12,I_016,0.30282000000000003
2026-07-12,I_017,7.101800000000001
2026-07-12,I_018,6.9854
2026-07-12,I_019,10.99035
2026-07-12,I_020,18.052200000000003
2026-07-12,I_021,4.4928
2026-07-12,I_022,1.55221
2026-07-12,I_023,0.019864
2026-07-12,I_024,2.89272
2026-07-12,I_025,2.6622000000000003
2026-07-12,I_026,16.416
2026-07-12,I_027,1.03824
2026-07-12,I_028,12.6175
2026-07-12,I_029,9.333300000000001
2026-07-12,I_030,10.971
2026-07-12,I_031,1.8437000000000001
2026-07-12,I_032,2.8428
2026-07-12,I_033,1.6995
2026-07-12,I_034,1.7496
2026-07-13,I_001,8.837399999999999
2026-07-13,I_002,0.12154000000000001
2026-07-13,I_003,3.5490000000000004
2026-07-13,I_004,3.24
2026-07-13,I_005,0.07540000000000001
2026-07-13,I_006,1.29168
2026-07-13,I_007,31.5562
2026-07-13,I_008,0.5626800000000001
2026-07-13,I_009,0.83739
2026-07-13,I_010,3.6040000000000005
2026-07-13,I_011,0.8909500000000001
2026-07-13,I_012,1.4389100000000001
2026-07-13,I_013,3.7281600000000004
2026-07-13,I_014,3.66984
2026-07-13,I_015,1.15344
2026-07-13,I_016,0.22248
2026-07-13,I_017,5.0459
2026-07-13,I_018,4.441400000000001
2026-07-13,I_019,7.882350000000001
2026-07-13,I_020,12.8736
2026-07-13,I_021,3.0672
2026-07-13,I_022,1.07738
2026-07-13,I_023,0.014976
2026-07-13,I_024,2.06958
2026-07-13,I_025,1.7646000000000002
2026-07-13,I_026,12.042
2026-07-13,I_027,0.7127600000000001
2026-07-13,I_028,9.671700000000001
2026-07-13,I_029,6.116200000000001
2026-07-13,I_030,7.950000000000001
2026-07-13,I_031,1.5347000000000002
2026-07-13,I_032,1.7922
2026-07-13,I_033,1.2463
2026-07-13,I_034,0.5832
2026-07-14,I_001,7.106999999999999
2026-07-14,I_002,0.13184
2026-07-14,I_003,3.6214500000000003
2026-07-14,I_004,3.4614000000000003
2026-07-14,I_005,0.06552000000000001
2026-07-14,I_006,1.17
2026-07-14,I_007,31.1428
2026-07-14,I_008,0.46224
2026-07-14,I_009,0.81576
2026-07-14,I_010,3.195900000000001
2026-07-14,I_011,0.90434
2026-07-14,I_012,1.4111000000000002
2026-07-14,I_013,3.5704800000000003
2026-07-14,I_014,3.51432
2026-07-14,I_015,1.03572
2026-07-14,I_016,0.19776000000000002
2026-07-14,I_017,5.0405999999999995
2026-07-14,I_018,6.4183
2026-07-14,I_019,7.854
2026-07-14,I_020,11.9448
2026-07-14,I_021,1.6524
2026-07-14,I_022,1.05472
2026-07-14,I_023,0.013936
2026-07-14,I_024,2.03898
2026-07-14,I_025,2.1165000000000003
2026-07-14,I_026,11.1294
2026-07-14,I_027,0.6890700000000001
2026-07-14,I_028,11.752300000000002
2026-07-14,I_029,5.9201
2026-07-14,I_030,6.678
2026-07-14,I_031,1.6274000000000002
2026-07-14,I_032,1.6068
2026-07-14,I_033,1.30295
2026-07-14,I_034,1.1664
2026-07-15,I_001,10.5163
2026-07-15,I_002,0.12154000000000001
2026-07-15,I_003,3.7474500000000006
2026-07-15,I_004,2.9538
2026-07-15,I_005,0.07332000000000001
2026-07-15,I_006,1.12424
2026-07-15,I_007,31.5986
2026-07-15,I_008,0.58104
2026-07-15,I_009,0.8240000000000001
2026-07-15,I_010,3.3390000000000004
2026-07-15,I_011,0.8641700000000001
2026-07-15,I_012,1.49556
2026-07-15,I_013,3.7648800000000002
2026-07-15,I_014,3.7152000000000003
2026-07-15,I_015,1.23876
2026-07-15,I_016,0.21218
2026-07-15,I_017,5.1689
2026-07-15,I_018,3.6729000000000003
2026-07-15,I_019,8.0535
2026-07-15,I_020,12.852
2026-07-15,I_021,2.5164
2026-07-15,I_022,1.1608100000000001
2026-07-15,I_023,0.016848000000000002
2026-07-15,I_024,2.1175200000000003
2026-07-15,I_025,1.7187000000000001
2026-07-15,I_026,11.8584
2026-07-15,I_027,0.7302700000000001
2026-07-15,I_028,10.269100000000002
2026-07-15,I_029,6.9324
2026-07-15,I_030,7.632
2026-07-15,I_031,1.5244
2026-07-15,I_032,1.4214
2026-07-15,I_033,1.41625
2026-07-15,I_034,0.7776000000000001
2026-07-16,I_001,6.8701
2026-07-16,I_002,0.10300000000000001
2026-07-16,I_003,4.043550000000001
2026-07-16,I_004,3.6342000000000003
2026-07-16,I_005,0.065
2026-07-16,I_006,1.30208
2026-07-16,I_007,31.641000000000002
2026-07-16,I_008,0.49248000000000003
2026-07-16,I_009,0.7828
2026-07-16,I_010,3.657000000000001
2026-07-16,I_011,0.8888900000000001
2026-07-16,I_012,1.4389100000000001
2026-07-16,I_013,3.6288
2026-07-16,I_014,3.5704800000000003
2026-07-16,I_015,1.08
2026-07-16,I_016,0.22042
2026-07-16,I_017,5.8698999999999995
2026-07-16,I_018,4.8283000000000005
2026-07-16,I_019,7.997850000000001
2026-07-16,I_020,12.9654
2026-07-16,I_021,3.402
2026-07-16,I_022,1.03824
2026-07-16,I_023,0.013624
2026-07-16,I_024,2.08692
2026-07-16,I_025,1.887
2026-07-16,I_026,12.393
2026-07-16,I_027,0.6798000000000001
2026-07-16,I_028,12.154000000000002
2026-07-16,I_029,5.920100000000001
2026-07-16,I_030,7.155
2026-07-16,I_031,1.1948
2026-07-16,I_032,1.4832
2026-07-16,I_033,1.30295
2026-07-16,I_034,1.3608000000000002
2026-07-17,I_001,13.2149
2026-07-17,I_002,0.14626
2026-07-17,I_003,4.4184
2026-07-17,I_004,4.2174000000000005
2026-07-17,I_005,0.10452
2026-07-17,I_006,1.41232
2026-07-17,I_007,40.1422
2026-07-17,I_008,0.81756
2026-07-17,I_009,1.01764
2026-07-17,I_010,4.0068
2026-07-17,I_011,1.1639000000000002
2026-07-17,I_012,1.9446400000000001
2026-07-17,I_013,4.87296
2026-07-17,I_014,4.806
2026-07-17,I_015,1.65996
2026-07-17,I_016,0.25956
2026-07-17,I_017,6.4267
2026-07-17,I_018,7.292800000000001
2026-07-17,I_019,10.4748
2026-07-17,I_020,16.9452
2026-07-17,I_021,3.4236000000000004
2026-07-17,I_022,1.5079200000000001
2026-07-17,I_023,0.024024000000000004
2026-07-17,I_024,2.73768
2026-07-17,I_025,2.4327
2026-07-17,I_026,15.816600000000001
2026-07-17,I_027,0.9620200000000001
2026-07-17,I_028,13.3488
2026-07-17,I_029,8.183200000000001
2026-07-17,I_030,9.062999999999999
2026-07-17,I_031,2.6986
2026-07-17,I_032,1.854
2026-07-17,I_033,1.86945
2026-07-17,I_034,2.3328
2026-07-18,I_001,13.7093
2026-07-18,I_002,0.17510000000000003
2026-07-18,I_003,5.171250000000001
2026-07-18,I_004,4.363200000000001
2026-07-18,I_005,0.11024000000000002
2026-07-18,I_006,1.7524000000000002
2026-07-18,I_007,45.1878
2026-07-18,I_008,0.8370000000000001
2026-07-18,I_009,1.18965
2026-07-18,I_010,5.0032000000000005
2026-07-18,I_011,1.2617500000000001
2026-07-18,I_012,2.08163
2026-07-18,I_013,5.3308800000000005
2026-07-18,I_014,5.25528
2026-07-18,I_015,1.6815600000000002
2026-07-18,I_016,0.28840000000000005
2026-07-18,I_017,8.6006
2026-07-18,I_018,7.361700000000001
2026-07-18,I_019,11.25915
2026-07-18,I_020,18.333000000000002
2026-07-18,I_021,4.2768
2026-07-18,I_022,1.5872300000000001
2026-07-18,I_023,0.022359999999999998
2026-07-18,I_024,3.0508200000000003
2026-07-18,I_025,2.5551000000000004
2026-07-18,I_026,16.794
2026-07-18,I_027,1.0083700000000002
2026-07-18,I_028,15.130700000000001
2026-07-18,I_029,9.3015
2026-07-18,I_030,10.017
2026-07-18,I_031,2.1630000000000003
2026-07-18,I_032,2.163
2026-07-18,I_033,1.98275
2026-07-18,I_034,2.3328
2026-07-19,I_001,14.2449
2026-07-19,I_002,0.15862
2026-07-19,I_003,5.1051
2026-07-19,I_004,4.293
2026-07-19,I_005,0.11804
2026-07-19,I_006,1.95624
2026-07-19,I_007,47.9332
2026-07-19,I_008,0.8478
2026-07-19,I_009,1.21746
2026-07-19,I_010,5.141000000000001
2026-07-19,I_011,1.3091300000000001
2026-07-19,I_012,2.14446
2026-07-19,I_013,5.4280800000000005
2026-07-19,I_014,5.358960000000001
2026-07-19,I_015,1.7150400000000001
2026-07-19,I_016,0.30282000000000003
2026-07-19,I_017,5.4638
2026-07-19,I_018,8.803300000000002
2026-07-19,I_019,11.0187
2026-07-19,I_020,19.0728
2026-07-19,I_021,4.4064000000000005
2026-07-19,I_022,1.5769300000000002
2026-07-19,I_023,0.027144
2026-07-19,I_024,2.9467800000000004
2026-07-19,I_025,2.6928
2026-07-19,I_026,17.4798
2026-07-19,I_027,1.07223
2026-07-19,I_028,12.875
2026-07-19,I_029,9.995800000000001
2026-07-19,I_030,9.222
2026-07-19,I_031,1.8643000000000003
2026-07-19,I_032,2.3484
2026-07-19,I_033,1.7561499999999999
2026-07-19,I_034,1.7496
2026-07-20,I_001,8.5181
2026-07-20,I_002,0.08652000000000001
2026-07-20,I_003,3.3201
2026-07-20,I_004,2.9592
2026-07-20,I_005,0.07384
2026-07-20,I_006,1.20952
2026-07-20,I_007,26.8604
2026-07-20,I_008,0.53352
2026-07-20,I_009,0.68186
2026-07-20,I_010,3.1853000000000007
2026-07-20,I_011,0.82503
2026-07-20,I_012,1.25042
2026-07-20,I_013,3.3177600000000003
2026-07-20,I_014,3.27456
2026-07-20,I_015,1.02708
2026-07-20,I_016,0.19776000000000002
2026-07-20,I_017,5.4105
2026-07-20,I_018,6.2911
2026-07-20,I_019,7.2471000000000005
2026-07-20,I_020,11.842200000000002
2026-07-20,I_021,3.3696
2026-07-20,I_022,0.9496600000000001
2026-07-20,I_023,0.013832
2026-07-20,I_024,1.9196400000000002
2026-07-20,I_025,2.1522
2026-07-20,I_026,10.8648
2026-07-20,I_027,0.6468400000000001
2026-07-20,I_028,10.2382
2026-07-20,I_029,5.978400000000001
2026-07-20,I_030,6.519
2026-07-20,I_031,1.1742000000000001
2026-07-20,I_032,1.6068
2026-07-20,I_033,1.2463
2026-07-20,I_034,0.9720000000000001
2026-07-21,I_001,7.9104
2026-07-21,I_002,0.11330000000000001
2026-07-21,I_003,3.8335500000000002
2026-07-21,I_004,2.9754
2026-07-21,I_005,0.07332000000000001
2026-07-21,I_006,1.1076
2026-07-21,I_007,31.2382
2026-07-21,I_008,0.51084
2026-07-21,I_009,0.7220300000000001
2026-07-21,I_010,3.2595000000000005
2026-07-21,I_011,0.8600500000000001
2026-07-21,I_012,1.38947
2026-07-21,I_013,3.46464
2026-07-21,I_014,3.41928
2026-07-21,I_015,1.05624
2026-07-21,I_016,0.21218000000000004
2026-07-21,I_017,6.878400000000001
2026-07-21,I_018,5.5915
2026-07-21,I_019,7.287
2026-07-21,I_020,11.8152
2026-07-21,I_021,2.4624
2026-07-21,I_022,1.03515
2026-07-21,I_023,0.015912
2026-07-21,I_024,2.00022
2026-07-21,I_025,2.1165000000000003
2026-07-21,I_026,11.421
2026-07-21,I_027,0.67671
2026-07-21,I_028,9.991000000000001
2026-07-21,I_029,6.036700000000001
2026-07-21,I_030,6.678
2026-07-21,I_031,1.4008000000000003
2026-07-21,I_032,1.545
2026-07-21,I_033,1.4728999999999999
2026-07-21,I_034,0.9720000000000001
2026-07-22,I_001,8.7035
2026-07-22,I_002,0.10094000000000002
2026-07-22,I_003,3.27285
2026-07-22,I_004,2.7108000000000003
2026-07-22,I_005,0.07384
2026-07-22,I_006,1.2844
2026-07-22,I_007,28.1112
2026-07-22,I_008,0.53136
2026-07-22,I_009,0.78589
2026-07-22,I_010,3.3867000000000003
2026-07-22,I_011,0.7828
2026-07-22,I_012,1.31634
2026-07-22,I_013,3.42576
2026-07-22,I_014,3.37824
2026-07-22,I_015,1.0476
2026-07-22,I_016,0.19570000000000004
2026-07-22,I_017,5.2769
2026-07-22,I_018,4.8018
2026-07-22,I_019,8.03565
2026-07-22,I_020,12.052800000000001
2026-07-22,I_021,1.9008
2026-07-22,I_022,1.00116
2026-07-22,I_023,0.013624
2026-07-22,I_024,1.9757400000000003
2026-07-22,I_025,1.8972000000000002
2026-07-22,I_026,11.048399999999999
2026-07-22,I_027,0.6499300000000001
2026-07-22,I_028,10.9901
2026-07-22,I_029,6.148
2026-07-22,I_030,8.109
2026-07-22,I_031,1.2257000000000002
2026-07-22,I_032,1.854
2026-07-22,I_033,0.7931
2026-07-22,I_034,0.9720000000000001
2026-07-23,I_001,9.3112
2026-07-23,I_002,0.13184
2026-07-23,I_003,3.3222000000000005
2026-07-23,I_004,2.6946000000000003
2026-07-23,I_005,0.06812000000000001
2026-07-23,I_006,1.04312
2026-07-23,I_007,31.1534
2026-07-23,I_008,0.5832
2026-07-23,I_009,0.7869200000000001
2026-07-23,I_010,2.9256000000000006
2026-07-23,I_011,0.9290600000000001
2026-07-23,I_012,1.4100700000000002
2026-07-23,I_013,3.6072
2026-07-23,I_014,3.5704800000000003
2026-07-23,I_015,1.13616
2026-07-23,I_016,0.18128000000000002
2026-07-23,I_017,5.3019
2026-07-23,I_018,6.2010000000000005
2026-07-23,I_019,7.8792
2026-07-23,I_020,11.88
2026-07-23,I_021,2.0952
2026-07-23,I_022,1.1453600000000002
2026-07-23,I_023,0.015704
2026-07-23,I_024,2.0930400000000002
2026-07-23,I_025,1.8768
2026-07-23,I_026,11.172600000000001
2026-07-23,I_027,0.7519000000000001
2026-07-23,I_028,10.979800000000001
2026-07-23,I_029,6.566700000000001
2026-07-23,I_030,5.247
2026-07-23,I_031,1.4729
2026-07-23,I_032,1.9776
2026-07-23,I_033,1.4728999999999999
2026-07-23,I_034,1.9440000000000002
2026-07-24,I_001,10.5472
2026-07-24,I_002,0.12360000000000002
2026-07-24,I_003,5.481
2026-07-24,I_004,4.4496
2026-07-24,I_005,0.07280000000000002
2026-07-24,I_006,1.68896
2026-07-24,I_007,36.835
2026-07-24,I_008,0.7300800000000001
2026-07-24,I_009,1.11652
2026-07-24,I_010,4.876000000000001
2026-07-24,I_011,1.21849
2026-07-24,I_012,1.9724500000000003
2026-07-24,I_013,4.87512
2026-07-24,I_014,4.816800000000001
2026-07-24,I_015,1.4763600000000001
2026-07-24,I_016,0.32342000000000004
2026-07-24,I_017,7.044099999999999
2026-07-24,I_018,6.937700000000001
2026-07-24,I_019,9.994950000000001
2026-07-24,I_020,17.344800000000003
2026-07-24,I_021,4.4388000000000005
2026-07-24,I_022,1.47496
2026-07-24,I_023,0.017368
2026-07-24,I_024,2.76216
2026-07-24,I_025,2.3664
2026-07-24,I_026,17.4312
2026-07-24,I_027,0.9651100000000001
2026-07-24,I_028,13.400300000000001
2026-07-24,I_029,7.8864
2026-07-24,I_030,10.971
2026-07-24,I_031,2.6677000000000004
2026-07-24,I_032,1.6686
2026-07-24,I_033,1.98275
2026-07-24,I_034,2.3328
2026-07-25,I_001,14.9247
2026-07-25,I_002,0.16686
2026-07-25,I_003,5.750850000000001
2026-07-25,I_004,4.8276
2026-07-25,I_005,0.12012000000000002
2026-07-25,I_006,1.85016
2026-07-25,I_007,49.237
2026-07-25,I_008,1.00116
2026-07-25,I_009,1.30707
2026-07-25,I_010,5.1728000000000005
2026-07-25,I_011,1.5182200000000001
2026-07-25,I_012,2.36076
2026-07-25,I_013,5.965920000000001
2026-07-25,I_014,5.91192
2026-07-25,I_015,1.83924
2026-07-25,I_016,0.32342000000000004
2026-07-25,I_017,8.4343
2026-07-25,I_018,6.693900000000001
2026-07-25,I_019,12.80895
2026-07-25,I_020,20.849400000000003
2026-07-25,I_021,4.4496
2026-07-25,I_022,1.86945
2026-07-25,I_023,0.025168
2026-07-25,I_024,3.40884
2026-07-25,I_025,2.9733
2026-07-25,I_026,19.7424
2026-07-25,I_027,1.24527
2026-07-25,I_028,16.294600000000003
2026-07-25,I_029,10.584100000000001
2026-07-25,I_030,11.925
2026-07-25,I_031,2.1527000000000003
2026-07-25,I_032,3.8316
2026-07-25,I_033,1.7561499999999999
2026-07-25,I_034,2.1384000000000003
2026-07-26,I_001,12.8647
2026-07-26,I_002,0.15862
2026-07-26,I_003,5.12715
2026-07-26,I_004,4.2876
2026-07-26,I_005,0.11960000000000001
2026-07-26,I_006,1.68896
2026-07-26,I_007,45.2726
2026-07-26,I_008,0.9018
2026-07-26,I_009,1.1000400000000001
2026-07-26,I_010,4.891900000000001
2026-07-26,I_011,1.27926
2026-07-26,I_012,2.0806
2026-07-26,I_013,5.36544
2026-07-26,I_014,5.28552
2026-07-26,I_015,1.836
2026-07-26,I_016,0.28222
2026-07-26,I_017,8.3846
2026-07-26,I_018,8.172600000000001
2026-07-26,I_019,11.6865
2026-07-26,I_020,18.7866
2026-07-26,I_021,4.1579999999999995
2026-07-26,I_022,1.60165
2026-07-26,I_023,0.024856
2026-07-26,I_024,3.0477600000000002
2026-07-26,I_025,3.0039
2026-07-26,I_026,17.4582
2026-07-26,I_027,1.0094
2026-07-26,I_028,15.439700000000002
2026-07-26,I_029,9.211400000000001
2026-07-26,I_030,9.222000000000001
2026-07-26,I_031,2.6574000000000004
2026-07-26,I_032,2.7192
2026-07-26,I_033,2.1527
2026-07-26,I_034,2.5272
2026-07-27,I_001,8.4563
2026-07-27,I_002,0.12772
2026-07-27,I_003,3.44505
2026-07-27,I_004,3.0294000000000003
2026-07-27,I_005,0.07124
2026-07-27,I_006,1.21264
2026-07-27,I_007,31.27
2026-07-27,I_008,0.5562
2026-07-27,I_009,0.80134
2026-07-27,I_010,3.4662000000000006
2026-07-27,I_011,0.9424500000000001
2026-07-27,I_012,1.41934
2026-07-27,I_013,3.6979200000000003
2026-07-27,I_014,3.6504000000000003
2026-07-27,I_015,1.1242800000000002
2026-07-27,I_016,0.21424
2026-07-27,I_017,5.0297
2026-07-27,I_018,5.9201
2026-07-27,I_019,7.35105
2026-07-27,I_020,12.425400000000002
2026-07-27,I_021,2.8836
2026-07-27,I_022,1.1082800000000002
2026-07-27,I_023,0.015184
2026-07-27,I_024,2.0767200000000003
2026-07-27,I_025,1.5402
2026-07-27,I_026,11.6154
2026-07-27,I_027,0.72306
2026-07-27,I_028,9.352400000000001
2026-07-27,I_029,6.227500000000001
2026-07-27,I_030,6.996
2026-07-27,I_031,1.2257000000000002
2026-07-27,I_032,2.2248
2026-07-27,I_033,1.5862
2026-07-27,I_034,0.9720000000000001
2026-07-28,I_001,8.1473
2026-07-28,I_002,0.10094
2026-07-28,I_003,3.00405
2026-07-28,I_004,2.6189999999999998
2026-07-28,I_005,0.06968
2026-07-28,I_006,1.04416
2026-07-28,I_007,26.955800000000004
2026-07-28,I_008,0.5464800000000001
2026-07-28,I_009,0.68186
2026-07-28,I_010,2.7666000000000004
2026-07-28,I_011,0.7755900000000001
2026-07-28,I_012,1.18965
2026-07-28,I_013,3.2162400000000004
2026-07-28,I_014,3.16224
2026-07-28,I_015,1.12104
2026-07-28,I_016,0.17098000000000002
2026-07-28,I_017,4.4379
2026-07-28,I_018,6.1268
2026-07-28,I_019,7.014
2026-07-28,I_020,11.215800000000002
2026-07-28,I_021,2.2140000000000004
2026-07-28,I_022,0.92288
2026-07-28,I_023,0.016224
2026-07-28,I_024,1.78908
2026-07-28,I_025,2.0502000000000002
2026-07-28,I_026,10.2762
2026-07-28,I_027,0.6468400000000001
2026-07-28,I_028,8.3842
2026-07-28,I_029,5.8512
2026-07-28,I_030,5.247
2026-07-28,I_031,1.4317000000000002
2026-07-28,I_032,2.1012
2026-07-28,I_033,0.96305
2026-07-28,I_034,0.7776000000000001
2026-07-29,I_001,10.5472
2026-07-29,I_002,0.11330000000000001
2026-07-29,I_003,3.7117500000000003
2026-07-29,I_004,3.2346000000000004
2026-07-29,I_005,0.09360000000000002
2026-07-29,I_006,1.39256
2026-07-29,I_007,34.0578
2026-07-29,I_008,0.6382800000000001
2026-07-29,I_009,0.8003100000000001
2026-07-29,I_010,3.6729000000000007
2026-07-29,I_011,0.9115500000000001
2026-07-29,I_012,1.53367
2026-07-29,I_013,3.9204000000000003
2026-07-29,I_014,3.8707200000000004
2026-07-29,I_015,1.21932
2026-07-29,I_016,0.21218
2026-07-29,I_017,5.405800000000001
2026-07-29,I_018,5.750500000000001
2026-07-29,I_019,8.52495
2026-07-29,I_020,13.791600000000003
2026-07-29,I_021,2.754
2026-07-29,I_022,1.17523
2026-07-29,I_023,0.01872
2026-07-29,I_024,2.2236000000000002
2026-07-29,I_025,1.9788000000000001
2026-07-29,I_026,12.5226
2026-07-29,I_027,0.73336
2026-07-29,I_028,11.639000000000001
2026-07-29,I_029,6.5826
2026-07-29,I_030,8.586
2026-07-29,I_031,1.3184000000000002
2026-07-29,I_032,1.9776
2026-07-29,I_033,1.2463
2026-07-29,I_034,1.3608000000000002
2026-07-30,I_001,8.7344
2026-07-30,I_002,0.11742000000000001
2026-07-30,I_003,3.56475
2026-07-30,I_004,3.4074000000000004
2026-07-30,I_005,0.08944000000000002
2026-07-30,I_006,1.2656800000000001
2026-07-30,I_007,32.2982
2026-07-30,I_008,0.50544
2026-07-30,I_009,0.82091
2026-07-30,I_010,3.3178000000000005
2026-07-30,I_011,0.88065
2026-07-30,I_012,1.5141000000000002
2026-07-30,I_013,3.65688
2026-07-30,I_014,3.6072
2026-07-30,I_015,1.09728
2026-07-30,I_016,0.20600000000000002
2026-07-30,I_017,5.8899
2026-07-30,I_018,7.854600000000001
2026-07-30,I_019,8.0409
2026-07-30,I_020,12.663000000000002
2026-07-30,I_021,2.3760000000000003
2026-07-30,I_022,1.11137
2026-07-30,I_023,0.019968
2026-07-30,I_024,2.0716200000000002
2026-07-30,I_025,2.2542
2026-07-30,I_026,11.5938
2026-07-30,I_027,0.6993700000000002
2026-07-30,I_028,10.3206
2026-07-30,I_029,6.7469
2026-07-30,I_030,7.950000000000001
2026-07-30,I_031,1.1536
2026-07-30,I_032,1.3596
2026-07-30,I_033,1.1896499999999999
2026-07-30,I_034,1.3608000000000002
2026-07-31,I_001,10.9077
2026-07-31,I_002,0.16686
2026-07-31,I_003,4.7628
2026-07-31,I_004,4.4172
2026-07-31,I_005,0.08268
2026-07-31,I_006,1.5288
2026-07-31,I_007,40.0362
2026-07-31,I_008,0.72792
2026-07-31,I_009,1.13403
2026-07-31,I_010,4.388400000000001
2026-07-31,I_011,1.25042
2026-07-31,I_012,1.94876
2026-07-31,I_013,4.95288
2026-07-31,I_014,4.8859200000000005
2026-07-31,I_015,1.51848
2026-07-31,I_016,0.29252
2026-07-31,I_017,7.1786
2026-07-31,I_018,6.2964
2026-07-31,I_019,10.79925
2026-07-31,I_020,16.869600000000002
2026-07-31,I_021,3.8448
2026-07-31,I_022,1.51204
2026-07-31,I_023,0.017472
2026-07-31,I_024,2.7917400000000003
2026-07-31,I_025,2.3358
2026-07-31,I_026,16.0272
2026-07-31,I_027,1.00116
2026-07-31,I_028,13.204600000000001
2026-07-31,I_029,8.7026
2026-07-31,I_030,10.335
2026-07-31,I_031,2.06
2026-07-31,I_032,2.2248
2026-07-31,I_033,1.6995
2026-07-31,I_034,1.9440000000000002
2026-08-01,I_001,12.8441
2026-08-01,I_002,0.16892000000000001
2026-08-01,I_003,5.5545
2026-08-01,I_004,5.200200000000001
2026-08-01,I_005,0.11440000000000002
2026-08-01,I_006,1.75864
2026-08-01,I_007,47.064
2026-08-01,I_008,0.8370000000000001
2026-08-01,I_009,1.14845
2026-08-01,I_010,5.178100000000001
2026-08-01,I_011,1.3307600000000002
2026-08-01,I_012,2.17742
2026-08-01,I_013,5.57712
2026-08-01,I_014,5.486400000000001
2026-08-01,I_015,1.81224
2026-08-01,I_016,0.3296
2026-08-01,I_017,8.3802
2026-08-01,I_018,7.727400000000001
2026-08-01,I_019,11.8797
2026-08-01,I_020,19.4508
2026-08-01,I_021,4.3740000000000006
2026-08-01,I_022,1.6428500000000001
2026-08-01,I_023,0.02444
2026-08-01,I_024,3.111
2026-08-01,I_025,2.9427
2026-08-01,I_026,18.5004
2026-08-01,I_027,1.05369
2026-08-01,I_028,14.883500000000002
2026-08-01,I_029,9.0047
2026-08-01,I_030,10.971
2026-08-01,I_031,2.575
2026-08-01,I_032,2.5338
2026-08-01,I_033,2.32265
2026-08-01,I_034,1.1664
2026-08-02,I_001,13.8844
2026-08-02,I_002,0.16274000000000002
2026-08-02,I_003,5.3718
2026-08-02,I_004,4.9788
2026-08-02,I_005,0.11752000000000003
2026-08-02,I_006,1.57352
2026-08-02,I_007,45.8344
2026-08-02,I_008,0.8683200000000001
2026-08-02,I_009,1.11137
2026-08-02,I_010,4.6587000000000005
2026-08-02,I_011,1.36681
2026-08-02,I_012,2.17845
2026-08-02,I_013,5.4648
2026-08-02,I_014,5.4
2026-08-02,I_015,1.72908
2026-08-02,I_016,0.30488000000000004
2026-08-02,I_017,8.1518
2026-08-02,I_018,8.1037
2026-08-02,I_019,11.457600000000001
2026-08-02,I_020,18.927000000000003
2026-08-02,I_021,5.1408000000000005
2026-08-02,I_022,1.69229
2026-08-02,I_023,0.025064
2026-08-02,I_024,3.08652
2026-08-02,I_025,2.9478000000000004
2026-08-02,I_026,17.658
2026-08-02,I_027,1.0794400000000002
2026-08-02,I_028,14.553900000000002
2026-08-02,I_029,9.476400000000002
2026-08-02,I_030,10.494
2026-08-02,I_031,2.3587000000000002
2026-08-02,I_032,2.163
2026-08-02,I_033,2.32265
2026-08-02,I_034,1.7496
2026-08-03,I_001,8.4975
2026-08-03,I_002,0.12360000000000002
2026-08-03,I_003,2.9169
2026-08-03,I_004,3.3642
2026-08-03,I_005,0.08112000000000001
2026-08-03,I_006,1.2292800000000002
2026-08-03,I_007,30.962600000000002
2026-08-03,I_008,0.49788000000000004
2026-08-03,I_009,0.7343900000000001
2026-08-03,I_010,3.0051000000000005
2026-08-03,I_011,0.7961900000000001
2026-08-03,I_012,1.2905900000000001
2026-08-03,I_013,3.45168
2026-08-03,I_014,3.3804000000000003
2026-08-03,I_015,1.10268
2026-08-03,I_016,0.18334
2026-08-03,I_017,4.779
2026-08-03,I_018,6.0261000000000005
2026-08-03,I_019,7.822500000000001
2026-08-03,I_020,11.9664
2026-08-03,I_021,1.6848
2026-08-03,I_022,0.9403900000000001
2026-08-03,I_023,0.016016
2026-08-03,I_024,1.9380000000000002
2026-08-03,I_025,1.8207
2026-08-03,I_026,10.1628
2026-08-03,I_027,0.64478
2026-08-03,I_028,10.8871
2026-08-03,I_029,6.391800000000001
2026-08-03,I_030,7.154999999999999
2026-08-03,I_031,1.1330000000000002
2026-08-03,I_032,1.6686
2026-08-03,I_033,0.7364499999999999
2026-08-03,I_034,0.7776000000000001
2026-08-04,I_001,6.9113
2026-08-04,I_002,0.09682
2026-08-04,I_003,3.36105
2026-08-04,I_004,3.3858
2026-08-04,I_005,0.07124000000000001
2026-08-04,I_006,1.04416
2026-08-04,I_007,26.8604
2026-08-04,I_008,0.49896
2026-08-04,I_009,0.67465
2026-08-04,I_010,3.1164000000000005
2026-08-04,I_011,0.8682900000000001
2026-08-04,I_012,1.3287
2026-08-04,I_013,3.41496
2026-08-04,I_014,3.3631200000000003
2026-08-04,I_015,1.0929600000000002
2026-08-04,I_016,0.19776000000000002
2026-08-04,I_017,4.9476
2026-08-04,I_018,7.616100000000001
2026-08-04,I_019,7.2576
2026-08-04,I_020,11.934000000000001
2026-08-04,I_021,2.4516
2026-08-04,I_022,1.0207300000000001
2026-08-04,I_023,0.015288000000000001
2026-08-04,I_024,1.9492200000000002
2026-08-04,I_025,1.9329
2026-08-04,I_026,11.1132
2026-08-04,I_027,0.6324200000000001
2026-08-04,I_028,10.413300000000001
2026-08-04,I_029,5.2576
2026-08-04,I_030,6.837
2026-08-04,I_031,1.6274000000000002
2026-08-04,I_032,1.7922
2026-08-04,I_033,1.6995
2026-08-04,I_034,1.3608000000000002
2026-08-05,I_001,9.5275
2026-08-05,I_002,0.10918000000000001
2026-08-05,I_003,3.7180500000000003
2026-08-05,I_004,2.6568000000000005
2026-08-05,I_005,0.06916000000000001
2026-08-05,I_006,1.1835200000000001
2026-08-05,I_007,29.15
2026-08-05,I_008,0.49572
2026-08-05,I_009,0.7591100000000001
2026-08-05,I_010,3.3390000000000004
2026-08-05,I_011,0.78795
2026-08-05,I_012,1.42449
2026-08-05,I_013,3.41712
2026-08-05,I_014,3.3825600000000002
2026-08-05,I_015,1.0314
2026-08-05,I_016,0.23072
2026-08-05,I_017,4.4314
2026-08-05,I_018,6.7734000000000005
2026-08-05,I_019,7.14105
2026-08-05,I_020,11.5668
2026-08-05,I_021,2.7540000000000004
2026-08-05,I_022,1.09077
2026-08-05,I_023,0.019344
2026-08-05,I_024,1.9624800000000002
2026-08-05,I_025,1.8207
2026-08-05,I_026,11.6802
2026-08-05,I_027,0.6746500000000001
2026-08-05,I_028,10.784100000000002
2026-08-05,I_029,6.042000000000001
2026-08-05,I_030,8.268
2026-08-05,I_031,1.2566000000000002
2026-08-05,I_032,0.9888
2026-08-05,I_033,1.4728999999999999
2026-08-05,I_034,0.38880000000000003
2026-08-06,I_001,8.4872
2026-08-06,I_002,0.07210000000000001
2026-08-06,I_003,3.7863
2026-08-06,I_004,2.5326000000000004
2026-08-06,I_005,0.07384
2026-08-06,I_006,1.378
2026-08-06,I_007,28.2172
2026-08-06,I_008,0.63936
2026-08-06,I_009,0.8178200000000001
2026-08-06,I_010,4.091600000000001
2026-08-06,I_011,0.9517200000000001
2026-08-06,I_012,1.4667200000000002
2026-08-06,I_013,3.7454400000000003
2026-08-06,I_014,3.7108800000000004
2026-08-06,I_015,1.2128400000000001
2026-08-06,I_016,0.22866000000000003
2026-08-06,I_017,4.1121
2026-08-06,I_018,3.5192000000000005
2026-08-06,I_019,7.6272
2026-08-06,I_020,13.608
2026-08-06,I_021,3.348
2026-08-06,I_022,1.08253
2026-08-06,I_023,0.013104
2026-08-06,I_024,2.1175200000000003
2026-08-06,I_025,1.4688
2026-08-06,I_026,12.7386
2026-08-06,I_027,0.6962800000000001
2026-08-06,I_028,10.8047
2026-08-06,I_029,6.264600000000001
2026-08-06,I_030,7.155
2026-08-06,I_031,1.9570000000000003
2026-08-06,I_032,2.163
2026-08-06,I_033,1.8128
2026-08-06,I_034,1.7496
2026-08-07,I_001,10.712
2026-08-07,I_002,0.10712
2026-08-07,I_003,4.95075
2026-08-07,I_004,4.3524
2026-08-07,I_005,0.10868000000000001
2026-08-07,I_006,1.6650399999999999
2026-08-07,I_007,37.3014
2026-08-07,I_008,0.65988
2026-08-07,I_009,0.91876
2026-08-07,I_010,4.5898
2026-08-07,I_011,1.1062200000000002
2026-08-07,I_012,1.87666
2026-08-07,I_013,4.5036000000000005
2026-08-07,I_014,4.44528
2026-08-07,I_015,1.37484
2026-08-07,I_016,0.31518
2026-08-07,I_017,7.3530999999999995
2026-08-07,I_018,10.589400000000001
2026-08-07,I_019,9.5046
2026-08-07,I_020,16.2054
2026-08-07,I_021,3.1428000000000003
2026-08-07,I_022,1.3142800000000001
2026-08-07,I_023,0.025376
2026-08-07,I_024,2.58366
2026-08-07,I_025,2.8101000000000003
2026-08-07,I_026,15.8544
2026-08-07,I_027,0.85387
2026-08-07,I_028,13.905000000000001
2026-08-07,I_029,7.483600000000001
2026-08-07,I_030,10.812000000000001
2026-08-07,I_031,2.0600000000000005
2026-08-07,I_032,1.6068
2026-08-07,I_033,2.09605
2026-08-07,I_034,1.9440000000000002
2026-08-08,I_001,13.2046
2026-08-08,I_002,0.18746000000000002
2026-08-08,I_003,5.2311000000000005
2026-08-08,I_004,4.9572
2026-08-08,I_005,0.10868000000000001
2026-08-08,I_006,1.6796
2026-08-08,I_007,47.519800000000004
2026-08-08,I_008,0.84888
2026-08-08,I_009,1.1927400000000001
2026-08-08,I_010,4.817700000000001
2026-08-08,I_011,1.4080100000000002
2026-08-08,I_012,2.26188
2026-08-08,I_013,5.6160000000000005
2026-08-08,I_014,5.5404
2026-08-08,I_015,1.7982
2026-08-08,I_016,0.32548
2026-08-08,I_017,6.5921
2026-08-08,I_018,8.639000000000001
2026-08-08,I_019,11.83665
2026-08-08,I_020,18.9918
2026-08-08,I_021,3.8232
2026-08-08,I_022,1.7304000000000002
2026-08-08,I_023,0.025272000000000003
2026-08-08,I_024,3.1354800000000003
2026-08-08,I_025,2.6316
2026-08-08,I_026,18.144000000000002
2026-08-08,I_027,1.10725
2026-08-08,I_028,15.892900000000001
2026-08-08,I_029,9.0524
2026-08-08,I_030,10.653
2026-08-08,I_031,3.0694000000000004
2026-08-08,I_032,2.1012
2026-08-08,I_033,2.4926
2026-08-08,I_034,2.1384000000000003
2026-08-09,I_001,10.815
2026-08-09,I_002,0.13390000000000002
2026-08-09,I_003,4.80585
2026-08-09,I_004,4.1688
2026-08-09,I_005,0.09412000000000001
2026-08-09,I_006,1.6692
2026-08-09,I_007,39.4426
2026-08-09,I_008,0.7333200000000001
2026-08-09,I_009,1.09695
2026-08-09,I_010,4.4732
2026-08-09,I_011,1.22055
2026-08-09,I_012,1.9261000000000001
2026-08-09,I_013,4.786560000000001
2026-08-09,I_014,4.73256
2026-08-09,I_015,1.4277600000000001
2026-08-09,I_016,0.29458
2026-08-09,I_017,7.8781
2026-08-09,I_018,7.584300000000001
2026-08-09,I_019,10.5756
2026-08-09,I_020,16.8642
2026-08-09,I_021,3.0564
2026-08-09,I_022,1.43067
2026-08-09,I_023,0.020072
2026-08-09,I_024,2.7458400000000003
2026-08-09,I_025,2.5296000000000003
2026-08-09,I_026,16.2
2026-08-09,I_027,0.9867400000000002
2026-08-09,I_028,13.6372
2026-08-09,I_029,8.6814
2026-08-09,I_030,10.494
2026-08-09,I_031,1.9364000000000001
2026-08-09,I_032,2.5338
2026-08-09,I_033,1.3596
2026-08-09,I_034,2.1384000000000003
2026-08-10,I_001,7.8898
2026-08-10,I_002,0.07004
2026-08-10,I_003,3.9742500000000005
2026-08-10,I_004,3.0132000000000003
2026-08-10,I_005,0.060320000000000006
2026-08-10,I_006,1.1024
2026-08-10,I_007,24.6132
2026-08-10,I_008,0.5238
2026-08-10,I_009,0.6571400000000001
2026-08-10,I_010,3.1005000000000003
2026-08-10,I_011,0.79413
2026-08-10,I_012,1.26896
2026-08-10,I_013,3.2335200000000004
2026-08-10,I_014,3.1989600000000005
2026-08-10,I_015,0.9763200000000001
2026-08-10,I_016,0.21836000000000003
2026-08-10,I_017,6.5223
2026-08-10,I_018,4.7647
2026-08-10,I_019,7.187250000000001
2026-08-10,I_020,11.734200000000001
2026-08-10,I_021,2.1276
2026-08-10,I_022,0.9805600000000001
2026-08-10,I_023,0.012792
2026-08-10,I_024,1.9023
2026-08-10,I_025,2.3562
2026-08-10,I_026,11.7558
2026-08-10,I_027,0.66229
2026-08-10,I_028,9.888000000000002
2026-08-10,I_029,5.411300000000001
2026-08-10,I_030,8.427
2026-08-10,I_031,1.3802
2026-08-10,I_032,1.9158
2026-08-10,I_033,1.0197
2026-08-10,I_034,0.9720000000000001
2026-08-11,I_001,8.7241
2026-08-11,I_002,0.09476000000000001
2026-08-11,I_003,3.84405
2026-08-11,I_004,2.9862
2026-08-11,I_005,0.08528000000000001
2026-08-11,I_006,1.4861600000000001
2026-08-11,I_007,31.747
2026-08-11,I_008,0.58104
2026-08-11,I_009,0.9022800000000001
2026-08-11,I_010,4.123400000000001
2026-08-11,I_011,0.9476000000000001
2026-08-11,I_012,1.57796
2026-08-11,I_013,3.8728800000000003
2026-08-11,I_014,3.83184
2026-08-11,I_015,1.161
2026-08-11,I_016,0.24308000000000002
2026-08-11,I_017,4.9314
2026-08-11,I_018,5.543800000000001
2026-08-11,I_019,8.11125
2026-08-11,I_020,13.829400000000001
2026-08-11,I_021,2.6892
2026-08-11,I_022,1.13815
2026-08-11,I_023,0.017264
2026-08-11,I_024,2.15322
2026-08-11,I_025,1.7901000000000002
2026-08-11,I_026,13.0842
2026-08-11,I_027,0.7343900000000001
2026-08-11,I_028,9.8777
2026-08-11,I_029,6.7681000000000004
2026-08-11,I_030,8.904
2026-08-11,I_031,1.5038
2026-08-11,I_032,2.0394
2026-08-11,I_033,1.3596
2026-08-11,I_034,1.1664
2026-08-12,I_001,8.034
2026-08-12,I_002,0.09476000000000001
2026-08-12,I_003,3.67185
2026-08-12,I_004,2.7378
2026-08-12,I_005,0.08476
2026-08-12,I_006,1.45392
2026-08-12,I_007,32.5632
2026-08-12,I_008,0.54108
2026-08-12,I_009,0.9311200000000001
2026-08-12,I_010,3.8372000000000006
2026-08-12,I_011,0.9980700000000001
2026-08-12,I_012,1.5872300000000001
2026-08-12,I_013,3.73896
2026-08-12,I_014,3.71304
2026-08-12,I_015,1.0476
2026-08-12,I_016,0.23278000000000001
2026-08-12,I_017,4.0806000000000004
2026-08-12,I_018,5.9572
2026-08-12,I_019,7.96215
2026-08-12,I_020,13.095
2026-08-12,I_021,1.8684000000000003
2026-08-12,I_022,1.0948900000000001
2026-08-12,I_023,0.016952000000000002
2026-08-12,I_024,2.07978
2026-08-12,I_025,2.0706
2026-08-12,I_026,12.5226
2026-08-12,I_027,0.76117
2026-08-12,I_028,10.433900000000001
2026-08-12,I_029,6.9748
2026-08-12,I_030,7.154999999999999
2026-08-12,I_031,1.9879000000000002
2026-08-12,I_032,1.7304
2026-08-12,I_033,1.30295
2026-08-12,I_034,1.1664
2026-08-13,I_001,6.9422
2026-08-13,I_002,0.12772000000000003
2026-08-13,I_003,3.90705
2026-08-13,I_004,3.6396000000000006
2026-08-13,I_005,0.06552000000000001
2026-08-13,I_006,1.28752
2026-08-13,I_007,31.8106
2026-08-13,I_008,0.5076
2026-08-13,I_009,0.8734400000000001
2026-08-13,I_010,3.6464000000000008
2026-08-13,I_011,0.9208200000000001
2026-08-13,I_012,1.5027700000000002
2026-08-13,I_013,3.7778400000000003
2026-08-13,I_014,3.7152000000000003
2026-08-13,I_015,1.1102400000000001
2026-08-13,I_016,0.21836
2026-08-13,I_017,5.2728
2026-08-13,I_018,4.1446000000000005
2026-08-13,I_019,7.88025
2026-08-13,I_020,13.0464
2026-08-13,I_021,2.8296
2026-08-13,I_022,1.1082800000000002
2026-08-13,I_023,0.012272
2026-08-13,I_024,2.07978
2026-08-13,I_025,1.8462
2026-08-13,I_026,12.1446
2026-08-13,I_027,0.69525
2026-08-13,I_028,9.651100000000001
2026-08-13,I_029,6.148000000000001
2026-08-13,I_030,8.586
2026-08-13,I_031,1.6583
2026-08-13,I_032,1.4214
2026-08-13,I_033,1.1896499999999999
2026-08-13,I_034,1.5552000000000001
2026-08-14,I_001,10.7429
2026-08-14,I_002,0.15244000000000002
2026-08-14,I_003,4.5696
2026-08-14,I_004,4.2552
2026-08-14,I_005,0.10244
2026-08-14,I_006,1.6244800000000001
2026-08-14,I_007,39.697
2026-08-14,I_008,0.7333200000000001
2026-08-14,I_009,1.03
2026-08-14,I_010,4.293000000000001
2026-08-14,I_011,1.12888
2026-08-14,I_012,1.8622400000000001
2026-08-14,I_013,4.6764
2026-08-14,I_014,4.60512
2026-08-14,I_015,1.45908
2026-08-14,I_016,0.26368
2026-08-14,I_017,8.2604
2026-08-14,I_018,6.9854
2026-08-14,I_019,10.423350000000001
2026-08-14,I_020,16.3728
2026-08-14,I_021,4.3848
2026-08-14,I_022,1.4008
2026-08-14,I_023,0.020384
2026-08-14,I_024,2.6856600000000004
2026-08-14,I_025,2.6418
2026-08-14,I_026,15.0984
2026-08-14,I_027,0.8940400000000001
2026-08-14,I_028,13.523900000000001
2026-08-14,I_029,8.2044
2026-08-14,I_030,10.494
2026-08-14,I_031,1.5759
2026-08-14,I_032,1.9158
2026-08-14,I_033,1.3596
2026-08-14,I_034,2.9160000000000004
2026-08-15,I_001,13.1531
2026-08-15,I_002,0.16686
2026-08-15,I_003,5.3592
2026-08-15,I_004,5.0544
2026-08-15,I_005,0.12012000000000002
2026-08-15,I_006,1.75552
2026-08-15,I_007,48.5162
2026-08-15,I_008,0.8802
2026-08-15,I_009,1.1556600000000001
2026-08-15,I_010,4.982000000000001
2026-08-15,I_011,1.4183100000000002
2026-08-15,I_012,2.20935
2026-08-15,I_013,5.65488
2026-08-15,I_014,5.57928
2026-08-15,I_015,1.80468
2026-08-15,I_016,0.31724
2026-08-15,I_017,7.580900000000001
2026-08-15,I_018,6.8264000000000005
2026-08-15,I_019,12.199950000000001
2026-08-15,I_020,19.726200000000002
2026-08-15,I_021,5.1408000000000005
2026-08-15,I_022,1.68714
2026-08-15,I_023,0.023816
2026-08-15,I_024,3.16914
2026-08-15,I_025,2.9325
2026-08-15,I_026,18.171
2026-08-15,I_027,1.10725
2026-08-15,I_028,15.892900000000001
2026-08-15,I_029,9.7202
2026-08-15,I_030,10.653
2026-08-15,I_031,2.2969000000000004
2026-08-15,I_032,2.7192
2026-08-15,I_033,2.1527
2026-08-15,I_034,1.1664
2026-08-16,I_001,11.2064
2026-08-16,I_002,0.17098000000000002
2026-08-16,I_003,5.41485
2026-08-16,I_004,4.4496
2026-08-16,I_005,0.10348000000000002
2026-08-16,I_006,1.91776
2026-08-16,I_007,45.3892
2026-08-16,I_008,0.7765200000000001
2026-08-16,I_009,1.20304
2026-08-16,I_010,5.2841000000000005
2026-08-16,I_011,1.3122200000000002
2026-08-16,I_012,2.0733900000000003
2026-08-16,I_013,5.32008
2026-08-16,I_014,5.238
2026-08-16,I_015,1.64808
2026-08-16,I_016,0.30488000000000004
2026-08-16,I_017,8.462000000000002
2026-08-16,I_018,7.7698
2026-08-16,I_019,11.10375
2026-08-16,I_020,18.4248
2026-08-16,I_021,4.428
2026-08-16,I_022,1.5130700000000001
2026-08-16,I_023,0.019656
2026-08-16,I_024,2.99574
2026-08-16,I_025,2.7438000000000002
2026-08-16,I_026,16.794
2026-08-16,I_027,0.9846800000000001
2026-08-16,I_028,14.646600000000001
2026-08-16,I_029,9.5135
2026-08-16,I_030,9.858
2026-08-16,I_031,2.3278000000000003
2026-08-16,I_032,2.1012
2026-08-16,I_033,2.0394
2026-08-16,I_034,2.3328
2026-08-17,I_001,9.8056
2026-08-17,I_002,0.09682
2026-08-17,I_003,3.297
2026-08-17,I_004,2.3598
2026-08-17,I_005,0.08684000000000001
2026-08-17,I_006,1.22408
2026-08-17,I_007,30.3054
2026-08-17,I_008,0.61128
2026-08-17,I_009,0.8034
2026-08-17,I_010,3.2595000000000005
2026-08-17,I_011,0.8332700000000001
2026-08-17,I_012,1.4286100000000002
2026-08-17,I_013,3.5035200000000004
2026-08-17,I_014,3.4754400000000003
2026-08-17,I_015,1.08756
2026-08-17,I_016,0.18128000000000002
2026-08-17,I_017,5.5279
2026-08-17,I_018,4.732900000000001
2026-08-17,I_019,7.3143
2026-08-17,I_020,12.252600000000001
2026-08-17,I_021,3.024
2026-08-17,I_022,1.0979800000000002
2026-08-17,I_023,0.017992
2026-08-17,I_024,1.99716
2026-08-17,I_025,1.6422
2026-08-17,I_026,11.3238
2026-08-17,I_027,0.6870100000000001
2026-08-17,I_028,9.1464
2026-08-17,I_029,6.503100000000001
2026-08-17,I_030,7.473000000000001
2026-08-17,I_031,1.5759000000000003
2026-08-17,I_032,1.6686
2026-08-17,I_033,0.96305
2026-08-17,I_034,0.7776000000000001
2026-08-18,I_001,7.7044
2026-08-18,I_002,0.0824
2026-08-18,I_003,3.43875
2026-08-18,I_004,2.5164000000000004
2026-08-18,I_005,0.07748000000000001
2026-08-18,I_006,1.24904
2026-08-18,I_007,27.931
2026-08-18,I_008,0.46224
2026-08-18,I_009,0.69937
2026-08-18,I_010,3.429100000000001
2026-08-18,I_011,0.79207
2026-08-18,I_012,1.3596000000000001
2026-08-18,I_013,3.20976
2026-08-18,I_014,3.18168
2026-08-18,I_015,0.90828
2026-08-18,I_016,0.21218
2026-08-18,I_017,4.2095
2026-08-18,I_018,6.381200000000001
2026-08-18,I_019,6.8208
2026-08-18,I_020,11.340000000000002
2026-08-18,I_021,1.5552000000000001
2026-08-18,I_022,0.95275
2026-08-18,I_023,0.01612
2026-08-18,I_024,1.8064200000000001
2026-08-18,I_025,1.9278
2026-08-18,I_026,10.7892
2026-08-18,I_027,0.60358
2026-08-18,I_028,9.3215
2026-08-18,I_029,5.761100000000001
2026-08-18,I_030,7.473000000000001
2026-08-18,I_031,1.1433000000000002
2026-08-18,I_032,1.1124
2026-08-18,I_033,1.3596
2026-08-18,I_034,2.1384000000000003
2026-08-19,I_001,8.3018
2026-08-19,I_002,0.09682
2026-08-19,I_003,3.6393
2026-08-19,I_004,2.9916
2026-08-19,I_005,0.07852
2026-08-19,I_006,1.36864
2026-08-19,I_007,29.7648
2026-08-19,I_008,0.54972
2026-08-19,I_009,0.82194
2026-08-19,I_010,3.6941000000000006
2026-08-19,I_011,0.8919800000000001
2026-08-19,I_012,1.45436
2026-08-19,I_013,3.6352800000000003
2026-08-19,I_014,3.5964
2026-08-19,I_015,1.05732
2026-08-19,I_016,0.22042
2026-08-19,I_017,4.8643
2026-08-19,I_018,4.9184
2026-08-19,I_019,7.98
2026-08-19,I_020,12.8628
2026-08-19,I_021,2.2464
2026-08-19,I_022,1.09077
2026-08-19,I_023,0.014768
2026-08-19,I_024,2.0512200000000003
2026-08-19,I_025,2.0706
2026-08-19,I_026,12.2526
2026-08-19,I_027,0.7034900000000001
2026-08-19,I_028,10.1043
2026-08-19,I_029,6.2699
2026-08-19,I_030,8.586
2026-08-19,I_031,1.2051000000000003
2026-08-19,I_032,2.163
2026-08-19,I_033,1.133
2026-08-19,I_034,1.3608000000000002
2026-08-20,I_001,7.817699999999999
2026-08-20,I_002,0.12566
2026-08-20,I_003,4.280850000000001
2026-08-20,I_004,3.7098
2026-08-20,I_005,0.07020000000000001
2026-08-20,I_006,1.36968
2026-08-20,I_007,33.0508
2026-08-20,I_008,0.56484
2026-08-20,I_009,0.9033100000000001
2026-08-20,I_010,3.9485000000000006
2026-08-20,I_011,1.04339
2026-08-20,I_012,1.5975300000000001
2026-08-20,I_013,4.06512
2026-08-20,I_014,4.00896
2026-08-20,I_015,1.21176
2026-08-20,I_016,0.25132000000000004
2026-08-20,I_017,6.307499999999999
2026-08-20,I_018,6.1957
2026-08-20,I_019,8.3748
2026-08-20,I_020,14.013000000000002
2026-08-20,I_021,2.5704000000000002
2026-08-20,I_022,1.20201
2026-08-20,I_023,0.014872
2026-08-20,I_024,2.26542
2026-08-20,I_025,1.9941000000000002
2026-08-20,I_026,13.4028
2026-08-20,I_027,0.78795
2026-08-20,I_028,9.8468
2026-08-20,I_029,6.794600000000001
2026-08-20,I_030,8.586
2026-08-20,I_031,1.6068000000000002
2026-08-20,I_032,2.3484
2026-08-20,I_033,1.64285
2026-08-20,I_034,1.3608000000000002
2026-08-21,I_001,10.9283
2026-08-21,I_002,0.13802
2026-08-21,I_003,5.1639
2026-08-21,I_004,4.3146
2026-08-21,I_005,0.09724000000000001
2026-08-21,I_006,1.8304
2026-08-21,I_007,38.2872
2026-08-21,I_008,0.6663600000000001
2026-08-21,I_009,1.14124
2026-08-21,I_010,5.310600000000001
2026-08-21,I_011,1.1505100000000001
2026-08-21,I_012,1.97863
2026-08-21,I_013,4.89888
2026-08-21,I_014,4.82976
2026-08-21,I_015,1.45044
2026-08-21,I_016,0.32136000000000003
2026-08-21,I_017,6.9264
2026-08-21,I_018,6.6462
2026-08-21,I_019,10.3152
2026-08-21,I_020,17.2584
2026-08-21,I_021,3.7800000000000002
2026-08-21,I_022,1.43582
2026-08-21,I_023,0.018512
2026-08-21,I_024,2.7438000000000002
2026-08-21,I_025,2.5296000000000003
2026-08-21,I_026,16.3134
2026-08-21,I_027,0.8785900000000001
2026-08-21,I_028,12.978000000000002
2026-08-21,I_029,8.3475
2026-08-21,I_030,12.242999999999999
2026-08-21,I_031,1.8231000000000002
2026-08-21,I_032,1.7304
2026-08-21,I_033,2.0394
2026-08-21,I_034,1.9440000000000002
