Date,predicted_usage,Ingredient_ID
2026-08-22,14.700688362121582,I_001
2026-08-23,12.865323066711426,I_001
2026-08-24,8.261113166809082,I_001
2026-08-25,8.21522331237793,I_001
2026-08-26,8.522063255310059,I_001
2026-08-27,8.716151237487793,I_001
2026-08-28,11.216498374938965,I_001
2026-08-29,13.558086395263672,I_001
2026-08-30,13.635140419006348,I_001
2026-08-31,8.05586051940918,I_001
2026-09-01,7.711226940155029,I_001
2026-09-02,8.441697120666504,I_001
2026-09-03,8.545056343078613,I_001
2026-09-04,11.08342170715332,I_001
2026-09-05,13.723504066467285,I_001
2026-09-06,12.8981351852417,I_001
2026-09-07,7.944796085357666,I_001
2026-09-08,8.31976318359375,I_001
2026-09-09,8.290571212768555,I_001
2026-09-10,8.587900161743164,I_001
2026-09-11,11.653151512145996,I_001
2026-09-12,13.323792457580566,I_001
2026-09-13,13.699793815612793,I_001
2026-09-14,7.827131748199463,I_001
2026-09-15,8.166959762573242,I_001
2026-09-16,8.274924278259277,I_001
2026-09-17,8.497530937194824,I_001
2026-09-18,11.389354705810547,I_001
2026-09-19,13.787797927856445,I_001
2026-09-20,13.049511909484863,I_001
2026-09-21,8.126236915588379,I_001
2026-09-22,7.970416069030762,I_001
2026-09-23,8.264631271362305,I_001
2026-09-24,8.616904258728027,I_001
2026-09-25,11.730876922607422,I_001
2026-09-26,14.037187576293945,I_001
2026-09-27,13.807412147521973,I_001
2026-09-28,7.805363178253174,I_001
2026-09-29,8.3969144821167,I_001
2026-09-30,8.6080322265625,I_001
2026-10-01,8.112279891967773,I_001
2026-10-02,11.463356018066406,I_001
2026-10-03,13.655449867248535,I_001
2026-10-04,13.142224311828613,I_001
2026-10-05,7.648683547973633,I_001
2026-08-22,0.21837443113327026,I_002
2026-08-23,0.16753453016281128,I_002
2026-08-24,0.04055377095937729,I_002
2026-08-25,0.040322959423065186,I_002
2026-08-26,0.06162245571613312,I_002
2026-08-27,0.08499649167060852,I_002
2026-08-28,0.1220703274011612,I_002
2026-08-29,0.22971895337104797,I_002
2026-08-30,0.14804679155349731,I_002
2026-08-31,0.036863312125205994,I_002
2026-09-01,0.036119867116212845,I_002
2026-09-02,0.06066884845495224,I_002
2026-09-03,0.09392379969358444,I_002
2026-09-04,0.15381324291229248,I_002
2026-09-05,0.19318360090255737,I_002
2026-09-06,0.10742206871509552,I_002
2026-09-07,0.003534506307914853,I_002
2026-09-08,0.02747306227684021,I_002
2026-09-09,0.05580872297286987,I_002
2026-09-10,0.08431555330753326,I_002
2026-09-11,0.14436835050582886,I_002
2026-09-12,0.20129956305027008,I_002
2026-09-13,0.12806694209575653,I_002
2026-09-14,0.018507501110434532,I_002
2026-09-15,0.03809841722249985,I_002
2026-09-16,0.046456821262836456,I_002
2026-09-17,0.06475213915109634,I_002
2026-09-18,0.11506231874227524,I_002
2026-09-19,0.21261480450630188,I_002
2026-09-20,0.13094261288642883,I_002
2026-09-21,0.010486687533557415,I_002
2026-09-22,0.03007758967578411,I_002
2026-09-23,0.048306580632925034,I_002
2026-09-24,0.08438915014266968,I_002
2026-09-25,0.14770999550819397,I_002
2026-09-26,0.2322831153869629,I_002
2026-09-27,0.15123778581619263,I_002
2026-09-28,0.0,I_002
2026-09-29,0.04459837079048157,I_002
2026-09-30,0.06918537616729736,I_002
2026-10-01,0.07731829583644867,I_002
2026-10-02,0.15381324291229248,I_002
2026-10-03,0.21663008630275726,I_002
2026-10-04,0.14224696159362793,I_002
2026-10-05,0.003534506307914853,I_002
2026-08-22,5.80472993850708,I_003
2026-08-23,5.362544059753418,I_003
2026-08-24,3.38189959526062,I_003
2026-08-25,3.4632444381713867,I_003
2026-08-26,3.4897162914276123,I_003
2026-08-27,3.8984947204589844,I_003
2026-08-28,4.988324165344238,I_003
2026-08-29,5.870912551879883,I_003
2026-08-30,5.401749610900879,I_003
2026-08-31,3.400224447250366,I_003
2026-09-01,3.4522790908813477,I_003
2026-09-02,3.485551118850708,I_003
2026-09-03,3.6685445308685303,I_003
2026-09-04,4.937457084655762,I_003
2026-09-05,5.733516216278076,I_003
2026-09-06,5.325634479522705,I_003
2026-09-07,3.3469133377075195,I_003
2026-09-08,3.466594934463501,I_003
2026-09-09,3.513101100921631,I_003
2026-09-10,3.635887384414673,I_003
2026-09-11,4.893183708190918,I_003
2026-09-12,5.774366855621338,I_003
2026-09-13,5.358864784240723,I_003
2026-09-14,3.4086358547210693,I_003
2026-09-15,3.491757869720459,I_003
2026-09-16,3.5029819011688232,I_003
2026-09-17,3.563047409057617,I_003
2026-09-18,4.770035743713379,I_003
2026-09-19,5.762295246124268,I_003
2026-09-20,5.345376968383789,I_003
2026-09-21,3.3744285106658936,I_003
2026-09-22,3.457550525665283,I_003
2026-09-23,3.4833123683929443,I_003
2026-09-24,3.629810333251953,I_003
2026-09-25,4.8636298179626465,I_003
2026-09-26,5.86174201965332,I_003
2026-09-27,5.517444610595703,I_003
2026-09-28,3.2998931407928467,I_003
2026-09-29,3.445082426071167,I_003
2026-09-30,3.528233766555786,I_003
2026-10-01,3.5835299491882324,I_003
2026-10-02,4.898384094238281,I_003
2026-10-03,5.77903938293457,I_003
2026-10-04,5.407232284545898,I_003
2026-10-05,3.3435089588165283,I_003
2026-08-22,4.880096435546875,I_004
2026-08-23,4.579742908477783,I_004
2026-08-24,3.060792922973633,I_004
2026-08-25,2.956894636154175,I_004
2026-08-26,2.9947550296783447,I_004
2026-08-27,3.1897850036621094,I_004
2026-08-28,4.311851501464844,I_004
2026-08-29,4.796014785766602,I_004
2026-08-30,4.599106311798096,I_004
2026-08-31,3.1126952171325684,I_004
2026-09-01,3.011263370513916,I_004
2026-09-02,3.0452258586883545,I_004
2026-09-03,3.137911796569824,I_004
2026-09-04,4.400223731994629,I_004
2026-09-05,4.66313362121582,I_004
2026-09-06,4.496057510375977,I_004
2026-09-07,3.013197183609009,I_004
2026-09-08,2.9312527179718018,I_004
2026-09-09,2.991232395172119,I_004
2026-09-10,3.0954408645629883,I_004
2026-09-11,4.234036922454834,I_004
2026-09-12,4.658385753631592,I_004
2026-09-13,4.55403995513916,I_004
2026-09-14,3.075974225997925,I_004
2026-09-15,2.944575548171997,I_004
2026-09-16,2.984808921813965,I_004
2026-09-17,3.072829246520996,I_004
2026-09-18,4.141101360321045,I_004
2026-09-19,4.67415189743042,I_004
2026-09-20,4.550938606262207,I_004
2026-09-21,3.061976909637451,I_004
2026-09-22,2.9305782318115234,I_004
2026-09-23,2.980682134628296,I_004
2026-09-24,3.098443031311035,I_004
2026-09-25,4.180265426635742,I_004
2026-09-26,4.674045562744141,I_004
2026-09-27,4.6978864669799805,I_004
2026-09-28,3.029435873031616,I_004
2026-09-29,2.992072820663452,I_004
2026-09-30,3.02604603767395,I_004
2026-10-01,3.1502363681793213,I_004
2026-10-02,4.355912685394287,I_004
2026-10-03,4.711236953735352,I_004
2026-10-04,4.6129889488220215,I_004
2026-10-05,3.0215461254119873,I_004
2026-08-22,0.1970837116241455,I_005
2026-08-23,0.11192716658115387,I_005
2026-08-24,0.004594052210450172,I_005
2026-08-25,0.020081976428627968,I_005
2026-08-26,0.0338938944041729,I_005
2026-08-27,0.063027523458004,I_005
2026-08-28,0.10453470796346664,I_005
2026-08-29,0.2141878604888916,I_005
2026-08-30,0.13696271181106567,I_005
2026-08-31,0.022381985560059547,I_005
2026-09-01,0.021638553589582443,I_005
2026-09-02,0.0386999137699604,I_005
2026-09-03,0.07195484638214111,I_005
2026-09-04,0.1362776905298233,I_005
2026-09-05,0.177652508020401,I_005
2026-09-06,0.09633796662092209,I_005
2026-09-07,0.0,I_005
2026-09-08,0.012991758063435555,I_005
2026-09-09,0.033839792013168335,I_005
2026-09-10,0.062346603721380234,I_005
2026-09-11,0.12683279812335968,I_005
2026-09-12,0.1857684701681137,I_005
2026-09-13,0.10560446232557297,I_005
2026-09-14,0.004026214592158794,I_005
2026-09-15,0.023617081344127655,I_005
2026-09-16,0.02448788471519947,I_005
2026-09-17,0.04278320446610451,I_005
2026-09-18,0.09752675145864487,I_005
2026-09-19,0.1970837116241455,I_005
2026-09-20,0.10848013311624527,I_005
2026-09-21,0.0,I_005
2026-09-22,0.015596257522702217,I_005
2026-09-23,0.026337644085288048,I_005
2026-09-24,0.06242020055651665,I_005
2026-09-25,0.130174458026886,I_005
2026-09-26,0.21675202250480652,I_005
2026-09-27,0.140153706073761,I_005
2026-09-28,0.0,I_005
2026-09-29,0.030117055401206017,I_005
2026-09-30,0.04721647500991821,I_005
2026-10-01,0.05534939467906952,I_005
2026-10-02,0.1362776905298233,I_005
2026-10-03,0.2010989934206009,I_005
2026-10-04,0.1311628818511963,I_005
2026-10-05,0.0,I_005
2026-08-22,1.8985031843185425,I_006
2026-08-23,1.7742923498153687,I_006
2026-08-24,1.2360377311706543,I_006
2026-08-25,1.1700754165649414,I_006
2026-08-26,1.1690771579742432,I_006
2026-08-27,1.2651041746139526,I_006
2026-08-28,1.619353175163269,I_006
2026-08-29,1.8868422508239746,I_006
2026-08-30,1.7599886655807495,I_006
2026-08-31,1.2435873746871948,I_006
2026-09-01,1.1731054782867432,I_006
2026-09-02,1.1762553453445435,I_006
2026-09-03,1.2455027103424072,I_006
2026-09-04,1.6276010274887085,I_006
2026-09-05,1.8578933477401733,I_006
2026-09-06,1.7383288145065308,I_006
2026-09-07,1.2166200876235962,I_006
2026-09-08,1.1591084003448486,I_006
2026-09-09,1.1713956594467163,I_006
2026-09-10,1.235894799232483,I_006
2026-09-11,1.6181564331054688,I_006
2026-09-12,1.8660093545913696,I_006
2026-09-13,1.7475953102111816,I_006
2026-09-14,1.2315932512283325,I_006
2026-09-15,1.1697338819503784,I_006
2026-09-16,1.162043809890747,I_006
2026-09-17,1.2163314819335938,I_006
2026-09-18,1.5888506174087524,I_006
2026-09-19,1.8773248195648193,I_006
2026-09-20,1.7504712343215942,I_006
2026-09-21,1.2235726118087769,I_006
2026-09-22,1.1617132425308228,I_006
2026-09-23,1.163893699645996,I_006
2026-09-24,1.2359685897827148,I_006
2026-09-25,1.5773420333862305,I_006
2026-09-26,1.8907438516616821,I_006
2026-09-27,1.7954181432724,I_006
2026-09-28,1.186734914779663,I_006
2026-09-29,1.1698720455169678,I_006
2026-09-30,1.1936635971069336,I_006
2026-10-01,1.2773915529251099,I_006
2026-10-02,1.5834447145462036,I_006
2026-10-03,1.8813396692276,I_006
2026-10-04,1.7617751359939575,I_006
2026-10-05,1.2166200876235962,I_006
2026-08-22,48.103736877441406,I_007
2026-08-23,44.88727951049805,I_007
2026-08-24,30.271169662475586,I_007
2026-08-25,28.425050735473633,I_007
2026-08-26,30.655746459960938,I_007
2026-08-27,29.475664138793945,I_007
2026-08-28,37.02981948852539,I_007
2026-08-29,49.206695556640625,I_007
2026-08-30,45.61306381225586,I_007
2026-08-31,30.281286239624023,I_007
2026-09-01,28.91748046875,I_007
2026-09-02,30.313270568847656,I_007
2026-09-03,30.75552749633789,I_007
2026-09-04,36.716102600097656,I_007
2026-09-05,48.571285247802734,I_007
2026-09-06,44.570064544677734,I_007
2026-09-07,30.761146545410156,I_007
2026-09-08,28.81939697265625,I_007
2026-09-09,31.281370162963867,I_007
2026-09-10,30.525772094726562,I_007
2026-09-11,36.133235931396484,I_007
2026-09-12,46.93117141723633,I_007
2026-09-13,46.69995880126953,I_007
2026-09-14,30.460105895996094,I_007
2026-09-15,28.321809768676758,I_007
2026-09-16,30.05371856689453,I_007
2026-09-17,30.888193130493164,I_007
2026-09-18,35.3775749206543,I_007
2026-09-19,48.49262619018555,I_007
2026-09-20,44.90800857543945,I_007
2026-09-21,30.988906860351562,I_007
2026-09-22,29.64244270324707,I_007
2026-09-23,30.588354110717773,I_007
2026-09-24,30.364591598510742,I_007
2026-09-25,36.031822204589844,I_007
2026-09-26,47.93541717529297,I_007
2026-09-27,46.114139556884766,I_007
2026-09-28,30.08084487915039,I_007
2026-09-29,29.208219528198242,I_007
2026-09-30,31.50423240661621,I_007
2026-10-01,30.85116958618164,I_007
2026-10-02,35.558990478515625,I_007
2026-10-03,48.82294464111328,I_007
2026-10-04,45.73295211791992,I_007
2026-10-05,30.04191017150879,I_007
2026-08-22,0.8620238304138184,I_008
2026-08-23,0.7886443734169006,I_008
2026-08-24,0.5624778866767883,I_008
2026-08-25,0.5042268633842468,I_008
2026-08-26,0.5443852543830872,I_008
2026-08-27,0.615329384803772,I_008
2026-08-28,0.6880893707275391,I_008
2026-08-29,0.876948893070221,I_008
2026-08-30,0.8115198016166687,I_008
2026-08-31,0.5780866146087646,I_008
2026-09-01,0.5057836174964905,I_008
2026-09-02,0.5491915941238403,I_008
2026-09-03,0.6004292964935303,I_008
2026-09-04,0.7299368977546692,I_008
2026-09-05,0.8881658911705017,I_008
2026-09-06,0.7844527363777161,I_008
2026-09-07,0.5469371676445007,I_008
2026-09-08,0.4971368610858917,I_008
2026-09-09,0.5443313717842102,I_008
2026-09-10,0.5908209681510925,I_008
2026-09-11,0.7204919457435608,I_008
2026-09-12,0.867381751537323,I_008
2026-09-13,0.7823217511177063,I_008
2026-09-14,0.561910092830658,I_008
2026-09-15,0.50776207447052,I_008
2026-09-16,0.5349794030189514,I_008
2026-09-17,0.571257472038269,I_008
2026-09-18,0.6797884106636047,I_008
2026-09-19,0.8620238304138184,I_008
2026-09-20,0.7851973176002502,I_008
2026-09-21,0.5538891553878784,I_008
2026-09-22,0.4997411370277405,I_008
2026-09-23,0.5368291139602661,I_008
2026-09-24,0.5908944606781006,I_008
2026-09-25,0.7124359607696533,I_008
2026-09-26,0.8983651399612427,I_008
2026-09-27,0.8407175540924072,I_008
2026-09-28,0.5340282917022705,I_008
2026-09-29,0.5120828747749329,I_008
2026-09-30,0.5555288195610046,I_008
2026-10-01,0.5838237404823303,I_008
2026-10-02,0.7299368977546692,I_008
2026-10-03,0.9116124510765076,I_008
2026-10-04,0.8078992962837219,I_008
2026-10-05,0.5469371676445007,I_008
2026-08-22,1.2047076225280762,I_009
2026-08-23,1.1310758590698242,I_009
2026-08-24,0.7528409957885742,I_009
2026-08-25,0.7432861328125,I_009
2026-08-26,0.7916805744171143,I_009
2026-08-27,0.8806343078613281,I_009
2026-08-28,1.020957589149475,I_009
2026-08-29,1.219632625579834,I_009
2026-08-30,1.1233482360839844,I_009
2026-08-31,0.7684497237205505,I_009
2026-09-01,0.7444056272506714,I_009
2026-09-02,0.7960496544837952,I_009
2026-09-03,0.8652969598770142,I_009
2026-09-04,1.037010908126831,I_009
2026-09-05,1.184838891029358,I_009
2026-09-06,1.0818848609924316,I_009
2026-09-07,0.7368630170822144,I_009
2026-09-08,0.7357587814331055,I_009
2026-09-09,0.791189432144165,I_009
2026-09-10,0.8556886315345764,I_009
2026-09-11,1.0354669094085693,I_009
2026-09-12,1.2008554935455322,I_009
2026-09-13,1.0990519523620605,I_009
2026-09-14,0.7597364187240601,I_009
2026-09-15,0.7542845606803894,I_009
2026-09-16,0.7897379398345947,I_009
2026-09-17,0.8440256118774414,I_009
2026-09-18,0.9773282408714294,I_009
2026-09-19,1.2047076225280762,I_009
2026-09-20,1.0944645404815674,I_009
2026-09-21,0.7442522644996643,I_009
2026-09-22,0.7388004064559937,I_009
2026-09-23,0.7841244339942932,I_009
2026-09-24,0.8521499633789062,I_009
2026-09-25,1.0137443542480469,I_009
2026-09-26,1.2243759632110596,I_009
2026-09-27,1.138587474822998,I_009
2026-09-28,0.7243914008140564,I_009
2026-09-29,0.751142144203186,I_009
2026-09-30,0.8028241395950317,I_009
2026-10-01,0.8486914038658142,I_009
2026-10-02,1.037010908126831,I_009
2026-10-03,1.2082852125167847,I_009
2026-10-04,1.1192898750305176,I_009
2026-10-05,0.7368630170822144,I_009
2026-08-22,5.292949676513672,I_010
2026-08-23,5.126028537750244,I_010
2026-08-24,3.2120587825775146,I_010
2026-08-25,3.2429730892181396,I_010
2026-08-26,3.263519525527954,I_010
2026-08-27,3.5786774158477783,I_010
2026-08-28,4.823609352111816,I_010
2026-08-29,5.548891544342041,I_010
2026-08-30,5.134096622467041,I_010
2026-08-31,3.238900899887085,I_010
2026-09-01,3.1935434341430664,I_010
2026-09-02,3.264159917831421,I_010
2026-09-03,3.399855852127075,I_010
2026-09-04,4.661841869354248,I_010
2026-09-05,5.461602687835693,I_010
2026-09-06,5.061463832855225,I_010
2026-09-07,3.1625020503997803,I_010
2026-09-08,3.190915584564209,I_010
2026-09-09,3.2866506576538086,I_010
2026-09-10,3.4208905696868896,I_010
2026-09-11,4.576144218444824,I_010
2026-09-12,5.500237464904785,I_010
2026-09-13,5.080840110778809,I_010
2026-09-14,3.205493927001953,I_010
2026-09-15,3.207367181777954,I_010
2026-09-16,3.2444674968719482,I_010
2026-09-17,3.3314738273620605,I_010
2026-09-18,4.476984977722168,I_010
2026-09-19,5.523081302642822,I_010
2026-09-20,5.083375453948975,I_010
2026-09-21,3.201657772064209,I_010
2026-09-22,3.1941168308258057,I_010
2026-09-23,3.26658034324646,I_010
2026-09-24,3.4470889568328857,I_010
2026-09-25,4.657668590545654,I_010
2026-09-26,5.589074611663818,I_010
2026-09-27,5.228893280029297,I_010
2026-09-28,3.135579824447632,I_010
2026-09-29,3.2393479347229004,I_010
2026-09-30,3.3208136558532715,I_010
2026-10-01,3.448694944381714,I_010
2026-10-02,4.6054911613464355,I_010
2026-10-03,5.504219055175781,I_010
2026-10-04,5.176260948181152,I_010
2026-10-05,3.1415395736694336,I_010
2026-08-22,1.2978497743606567,I_011
2026-08-23,1.2787426710128784,I_011
2026-08-24,0.8645492792129517,I_011
2026-08-25,0.8216939568519592,I_011
2026-08-26,0.8787145018577576,I_011
2026-08-27,0.9841022491455078,I_011
2026-08-28,1.1640753746032715,I_011
2026-08-29,1.322051763534546,I_011
2026-08-30,1.2890686988830566,I_011
2026-08-31,0.8952434062957764,I_011
2026-09-01,0.8237603902816772,I_011
2026-09-02,0.8745406866073608,I_011
2026-09-03,0.9573391079902649,I_011
2026-09-04,1.1574772596359253,I_011
2026-09-05,1.275832176208496,I_011
2026-09-06,1.2126857042312622,I_011
2026-09-07,0.8535166382789612,I_011
2026-09-08,0.8191119432449341,I_011
2026-09-09,0.8696804642677307,I_011
2026-09-10,0.9341793656349182,I_011
2026-09-11,1.1480326652526855,I_011
2026-09-12,1.2839481830596924,I_011
2026-09-13,1.221952199935913,I_011
2026-09-14,0.8710756897926331,I_011
2026-09-15,0.8323233723640442,I_011
2026-09-16,0.8629146218299866,I_011
2026-09-17,0.9172019958496094,I_011
2026-09-18,1.1021075248718262,I_011
2026-09-19,1.2978497743606567,I_011
2026-09-20,1.275295615196228,I_011
2026-09-21,0.8630547523498535,I_011
2026-09-22,0.8243024349212646,I_011
2026-09-23,0.8647643327713013,I_011
2026-09-24,0.9432330131530762,I_011
2026-09-25,1.1271907091140747,I_011
2026-09-26,1.323912262916565,I_011
2026-09-27,1.32869553565979,I_011
2026-09-28,0.867824375629425,I_011
2026-09-29,0.8324328660964966,I_011
2026-09-30,0.8823121190071106,I_011
2026-10-01,0.9231837391853333,I_011
2026-10-02,1.1243131160736084,I_011
2026-10-03,1.2992784976959229,I_011
2026-10-04,1.2840133905410767,I_011
2026-10-05,0.8535166382789612,I_011
2026-08-22,2.2050507068634033,I_012
2026-08-23,2.0065226554870605,I_012
2026-08-24,1.3538358211517334,I_012
2026-08-25,1.3346377611160278,I_012
2026-08-26,1.390271544456482,I_012
2026-08-27,1.6979820728302002,I_012
2026-08-28,1.9188200235366821,I_012
2026-08-29,2.2269389629364014,I_012
2026-08-30,2.0145349502563477,I_012
2026-08-31,1.3774645328521729,I_012
2026-09-01,1.3441662788391113,I_012
2026-09-02,1.392345905303955,I_012
2026-09-03,1.6351635456085205,I_012
2026-09-04,1.9596078395843506,I_012
2026-09-05,2.189009666442871,I_012
2026-09-06,1.9943233728408813,I_012
2026-09-07,1.34280264377594,I_012
2026-09-08,1.3237420320510864,I_012
2026-09-09,1.3791730403900146,I_012
2026-09-10,1.6099251508712769,I_012
2026-09-11,1.9501632452011108,I_012
2026-09-12,2.1971259117126465,I_012
2026-09-13,2.0035903453826904,I_012
2026-09-14,1.3520487546920776,I_012
2026-09-15,1.3369536399841309,I_012
2026-09-16,1.37240731716156,I_012
2026-09-17,1.5929479598999023,I_012
2026-09-18,1.9234435558319092,I_012
2026-09-19,2.2050507068634033,I_012
2026-09-20,2.00307559967041,I_012
2026-09-21,1.3380515575408936,I_012
2026-09-22,1.3229564428329468,I_012
2026-09-23,1.374257206916809,I_012
2026-09-24,1.6189792156219482,I_012
2026-09-25,1.962485432624817,I_012
2026-09-26,2.2308406829833984,I_012
2026-09-27,2.1141374111175537,I_012
2026-09-28,1.3208521604537964,I_012
2026-09-29,1.3383108377456665,I_012
2026-09-30,1.4083055257797241,I_012
2026-10-01,1.6147053241729736,I_012
2026-10-02,1.9596078395843506,I_012
2026-10-03,2.212456464767456,I_012
2026-10-04,2.0177695751190186,I_012
2026-10-05,1.3344894647598267,I_012
2026-08-22,5.859496593475342,I_013
2026-08-23,5.401089668273926,I_013
2026-08-24,3.392383098602295,I_013
2026-08-25,3.455770969390869,I_013
2026-08-26,3.493912696838379,I_013
2026-08-27,3.8523900508880615,I_013
2026-08-28,4.855146408081055,I_013
2026-08-29,5.977482795715332,I_013
2026-08-30,5.490412712097168,I_013
2026-08-31,3.4528000354766846,I_013
2026-09-01,3.4373714923858643,I_013
2026-09-02,3.4901416301727295,I_013
2026-09-03,3.6299684047698975,I_013
2026-09-04,4.88417911529541,I_013
2026-09-05,5.803991794586182,I_013
2026-09-06,5.322371482849121,I_013
2026-09-07,3.353851079940796,I_013
2026-09-08,3.415433645248413,I_013
2026-09-09,3.4690475463867188,I_013
2026-09-10,3.5942773818969727,I_013
2026-09-11,4.838616847991943,I_013
2026-09-12,5.761264801025391,I_013
2026-09-13,5.370044708251953,I_013
2026-09-14,3.406372547149658,I_013
2026-09-15,3.4414148330688477,I_013
2026-09-16,3.470182418823242,I_013
2026-09-17,3.5825893878936768,I_013
2026-09-18,4.7770867347717285,I_013
2026-09-19,5.802424907684326,I_013
2026-09-20,5.397642612457275,I_013
2026-09-21,3.3849120140075684,I_013
2026-09-22,3.4258458614349365,I_013
2026-09-23,3.458592414855957,I_013
2026-09-24,3.621112108230591,I_013
2026-09-25,4.8829121589660645,I_013
2026-09-26,5.95430850982666,I_013
2026-09-27,5.570682525634766,I_013
2026-09-28,3.362394094467163,I_013
2026-09-29,3.478523015975952,I_013
2026-09-30,3.5468878746032715,I_013
2026-10-01,3.6138710975646973,I_013
2026-10-02,4.891672611236572,I_013
2026-10-03,5.863124370574951,I_013
2026-10-04,5.403523921966553,I_013
2026-10-05,3.3622000217437744,I_013
2026-08-22,5.732454776763916,I_014
2026-08-23,5.34486198425293,I_014
2026-08-24,3.3589723110198975,I_014
2026-08-25,3.433466672897339,I_014
2026-08-26,3.5003502368927,I_014
2026-08-27,3.803136110305786,I_014
2026-08-28,4.779016494750977,I_014
2026-08-29,5.825722694396973,I_014
2026-08-30,5.4255805015563965,I_014
2026-08-31,3.407505512237549,I_014
2026-09-01,3.4042539596557617,I_014
2026-09-02,3.471277952194214,I_014
2026-09-03,3.5871431827545166,I_014
2026-09-04,4.8132805824279785,I_014
2026-09-05,5.641244411468506,I_014
2026-09-06,5.311181545257568,I_014
2026-09-07,3.2999136447906494,I_014
2026-09-08,3.3789398670196533,I_014
2026-09-09,3.455098867416382,I_014
2026-09-10,3.5645015239715576,I_014
2026-09-11,4.811422348022461,I_014
2026-09-12,5.695436954498291,I_014
2026-09-13,5.362826824188232,I_014
2026-09-14,3.375074625015259,I_014
2026-09-15,3.4283974170684814,I_014
2026-09-16,3.4536476135253906,I_014
2026-09-17,3.522305965423584,I_014
2026-09-18,4.722750186920166,I_014
2026-09-19,5.705866813659668,I_014
2026-09-20,5.357355117797852,I_014
2026-09-21,3.353614091873169,I_014
2026-09-22,3.3977298736572266,I_014
2026-09-23,3.4420576095581055,I_014
2026-09-24,3.5789906978607178,I_014
2026-09-25,4.802188873291016,I_014
2026-09-26,5.808365345001221,I_014
2026-09-27,5.516158580780029,I_014
2026-09-28,3.300252676010132,I_014
2026-09-29,3.4317567348480225,I_014
2026-09-30,3.5443174839019775,I_014
2026-10-01,3.564849853515625,I_014
2026-10-02,4.867995262145996,I_014
2026-10-03,5.7189741134643555,I_014
2026-10-04,5.3972601890563965,I_014
2026-10-05,3.317469596862793,I_014
2026-08-22,1.8123736381530762,I_015
2026-08-23,1.6723929643630981,I_015
2026-08-24,1.1401175260543823,I_015
2026-08-25,1.051827073097229,I_015
2026-08-26,1.107524037361145,I_015
2026-08-27,1.2361873388290405,I_015
2026-08-28,1.4123724699020386,I_015
2026-08-29,1.7631173133850098,I_015
2026-08-30,1.7042330503463745,I_015
2026-08-31,1.17093026638031,I_015
2026-09-01,1.0676254034042358,I_015
2026-09-02,1.1185786724090576,I_015
2026-09-03,1.2062928676605225,I_015
2026-09-04,1.4428011178970337,I_015
2026-09-05,1.7929421663284302,I_015
2026-09-06,1.6782621145248413,I_015
2026-09-07,1.1430429220199585,I_015
2026-09-08,1.0582879781723022,I_015
2026-09-09,1.1137189865112305,I_015
2026-09-10,1.1966849565505981,I_015
2026-09-11,1.433356523513794,I_015
2026-09-12,1.73685622215271,I_015
2026-09-13,1.6864114999771118,I_015
2026-09-14,1.153507947921753,I_015
2026-09-15,1.064253807067871,I_015
2026-09-16,1.1043671369552612,I_015
2026-09-17,1.177121639251709,I_015
2026-09-18,1.360906958580017,I_015
2026-09-19,1.7481716871261597,I_015
2026-09-20,1.6892874240875244,I_015
2026-09-21,1.1499954462051392,I_015
2026-09-22,1.0608928203582764,I_015
2026-09-23,1.1062170267105103,I_015
2026-09-24,1.19675874710083,I_015
2026-09-25,1.4366984367370605,I_015
2026-09-26,1.7615907192230225,I_015
2026-09-27,1.748403787612915,I_015
2026-09-28,1.1078323125839233,I_015
2026-09-29,1.0744798183441162,I_015
2026-09-30,1.1414151191711426,I_015
2026-10-01,1.1896874904632568,I_015
2026-10-02,1.4428011178970337,I_015
2026-10-03,1.816388487815857,I_015
2026-10-04,1.701708436012268,I_015
2026-10-05,1.1245763301849365,I_015
2026-08-22,0.39303910732269287,I_016
2026-08-23,0.4456958472728729,I_016
2026-08-24,0.30382585525512695,I_016
2026-08-25,0.23762866854667664,I_016
2026-08-26,0.2540520131587982,I_016
2026-08-27,0.3088175654411316,I_016
2026-08-28,0.36223313212394714,I_016
2026-08-29,0.4886752665042877,I_016
2026-08-30,0.45567166805267334,I_016
2026-08-31,0.31915736198425293,I_016
2026-09-01,0.2551899552345276,I_016
2026-09-02,0.26510724425315857,I_016
2026-09-03,0.30645331740379333,I_016
2026-09-04,0.38165268301963806,I_016
2026-09-05,0.5250590443611145,I_016
2026-09-06,0.48331156373023987,I_016
2026-09-07,0.28828495740890503,I_016
2026-09-08,0.23053845763206482,I_016
2026-09-09,0.260247141122818,I_016
2026-09-10,0.29684510827064514,I_016
2026-09-11,0.37220779061317444,I_016
2026-09-12,0.533174991607666,I_016
2026-09-13,0.49257808923721313,I_016
2026-09-14,0.333867609500885,I_016
2026-09-15,0.2571684420108795,I_016
2026-09-16,0.25089529156684875,I_016
2026-09-17,0.2772817313671112,I_016
2026-09-18,0.3429018557071686,I_016
2026-09-19,0.4752524495124817,I_016
2026-09-20,0.4422488510608673,I_016
2026-09-21,0.2952371835708618,I_016
2026-09-22,0.2331429421901703,I_016
2026-09-23,0.2527450621128082,I_016
2026-09-24,0.29691874980926514,I_016
2026-09-25,0.3755494952201843,I_016
2026-09-26,0.5579091310501099,I_016
2026-09-27,0.5270401239395142,I_016
2026-09-28,0.3022364675998688,I_016
2026-09-29,0.2452073097229004,I_016
2026-09-30,0.2864203453063965,I_016
2026-10-01,0.28984788060188293,I_016
2026-10-02,0.38165268301963806,I_016
2026-10-03,0.5485056042671204,I_016
2026-10-04,0.506757915019989,I_016
2026-10-05,0.31889456510543823,I_016
2026-08-22,7.919986248016357,I_017
2026-08-23,7.591352462768555,I_017
2026-08-24,5.169776439666748,I_017
2026-08-25,4.949886798858643,I_017
2026-08-26,5.141181945800781,I_017
2026-08-27,5.719765663146973,I_017
2026-08-28,6.806092262268066,I_017
2026-08-29,8.01419448852539,I_017
2026-08-30,7.327070713043213,I_017
2026-08-31,5.105492115020752,I_017
2026-09-01,4.853473663330078,I_017
2026-09-02,5.311295509338379,I_017
2026-09-03,5.397035121917725,I_017
2026-09-04,6.713528633117676,I_017
2026-09-05,7.936120986938477,I_017
2026-09-06,7.335989475250244,I_017
2026-09-07,5.16592264175415,I_017
2026-09-08,5.144510746002197,I_017
2026-09-09,5.380880355834961,I_017
2026-09-10,5.4617180824279785,I_017
2026-09-11,6.705635070800781,I_017
2026-09-12,7.797231674194336,I_017
2026-09-13,7.366535663604736,I_017
2026-09-14,5.253868103027344,I_017
2026-09-15,5.127725601196289,I_017
2026-09-16,5.22344446182251,I_017
2026-09-17,5.553214073181152,I_017
2026-09-18,6.730106830596924,I_017
2026-09-19,7.851830005645752,I_017
2026-09-20,7.259286880493164,I_017
2026-09-21,5.320234298706055,I_017
2026-09-22,5.187581539154053,I_017
2026-09-23,5.23858642578125,I_017
2026-09-24,5.49742317199707,I_017
2026-09-25,6.813852787017822,I_017
2026-09-26,8.079021453857422,I_017
2026-09-27,7.615482807159424,I_017
2026-09-28,5.021074295043945,I_017
2026-09-29,5.156530857086182,I_017
2026-09-30,5.347777366638184,I_017
2026-10-01,5.36318302154541,I_017
2026-10-02,6.691840171813965,I_017
2026-10-03,7.911623477935791,I_017
2026-10-04,7.247997283935547,I_017
2026-10-05,5.18966817855835,I_017
2026-08-22,8.139291763305664,I_018
2026-08-23,7.528602123260498,I_018
2026-08-24,5.6976823806762695,I_018
2026-08-25,6.701730251312256,I_018
2026-08-26,6.4177141189575195,I_018
2026-08-27,7.0013909339904785,I_018
2026-08-28,7.234691619873047,I_018
2026-08-29,8.060851097106934,I_018
2026-08-30,7.6073503494262695,I_018
2026-08-31,6.0824103355407715,I_018
2026-09-01,5.799820899963379,I_018
2026-09-02,6.472479343414307,I_018
2026-09-03,6.0946245193481445,I_018
2026-09-04,7.555553913116455,I_018
2026-09-05,7.813994407653809,I_018
2026-09-06,7.365616798400879,I_018
2026-09-07,6.229862689971924,I_018
2026-09-08,6.382740497589111,I_018
2026-09-09,6.044040679931641,I_018
2026-09-10,7.150265693664551,I_018
2026-09-11,6.9261794090271,I_018
2026-09-12,7.44146203994751,I_018
2026-09-13,7.414220809936523,I_018
2026-09-14,6.307145118713379,I_018
2026-09-15,6.453941345214844,I_018
2026-09-16,6.579967498779297,I_018
2026-09-17,6.038247585296631,I_018
2026-09-18,7.631882190704346,I_018
2026-09-19,7.651536464691162,I_018
2026-09-20,7.496647357940674,I_018
2026-09-21,6.132793426513672,I_018
2026-09-22,6.107992649078369,I_018
2026-09-23,6.204916477203369,I_018
2026-09-24,6.931905746459961,I_018
2026-09-25,6.898057460784912,I_018
2026-09-26,7.700850963592529,I_018
2026-09-27,7.704000949859619,I_018
2026-09-28,6.243291854858398,I_018
2026-09-29,6.753406524658203,I_018
2026-09-30,6.84646463394165,I_018
2026-10-01,5.939091205596924,I_018
2026-10-02,7.718874454498291,I_018
2026-10-03,7.772385120391846,I_018
2026-10-04,7.558747291564941,I_018
2026-10-05,6.2542243003845215,I_018
2026-08-22,11.878748893737793,I_019
2026-08-23,11.290621757507324,I_019
2026-08-24,7.3944172859191895,I_019
2026-08-25,7.255188465118408,I_019
2026-08-26,7.834945201873779,I_019
2026-08-27,8.235145568847656,I_019
2026-08-28,10.396849632263184,I_019
2026-08-29,12.546416282653809,I_019
2026-08-30,11.690553665161133,I_019
2026-08-31,7.271583557128906,I_019
2026-09-01,7.3134026527404785,I_019
2026-09-02,7.550200462341309,I_019
2026-09-03,7.824404239654541,I_019
2026-09-04,10.281519889831543,I_019
2026-09-05,11.793578147888184,I_019
2026-09-06,11.306220054626465,I_019
2026-09-07,7.249194145202637,I_019
2026-09-08,7.355051517486572,I_019
2026-09-09,7.483233451843262,I_019
2026-09-10,7.710141181945801,I_019
2026-09-11,10.220852851867676,I_019
2026-09-12,12.063603401184082,I_019
2026-09-13,11.304555892944336,I_019
2026-09-14,7.385156631469727,I_019
2026-09-15,7.4994964599609375,I_019
2026-09-16,7.512485027313232,I_019
2026-09-17,7.705145359039307,I_019
2026-09-18,10.160786628723145,I_019
2026-09-19,11.863478660583496,I_019
2026-09-20,11.224153518676758,I_019
2026-09-21,7.307108402252197,I_019
2026-09-22,7.327874660491943,I_019
2026-09-23,7.479409694671631,I_019
2026-09-24,7.791114807128906,I_019
2026-09-25,10.563802719116211,I_019
2026-09-26,12.481881141662598,I_019
2026-09-27,11.84917163848877,I_019
2026-09-28,7.190738677978516,I_019
2026-09-29,7.495065689086914,I_019
2026-09-30,7.765415668487549,I_019
2026-10-01,7.711343288421631,I_019
2026-10-02,10.170262336730957,I_019
2026-10-03,11.894170761108398,I_019
2026-10-04,11.497891426086426,I_019
2026-10-05,7.247376918792725,I_019
2026-08-22,19.98923110961914,I_020
2026-08-23,18.55329132080078,I_020
2026-08-24,11.930150985717773,I_020
2026-08-25,11.73351001739502,I_020
2026-08-26,12.7100191116333,I_020
2026-08-27,13.322876930236816,I_020
2026-08-28,16.99370765686035,I_020
2026-08-29,20.382783889770508,I_020
2026-08-30,18.921236038208008,I_020
2026-08-31,12.033551216125488,I_020
2026-09-01,11.613471984863281,I_020
2026-09-02,12.453924179077148,I_020
2026-09-03,12.848593711853027,I_020
2026-09-04,16.665523529052734,I_020
2026-09-05,19.838712692260742,I_020
2026-09-06,18.298526763916016,I_020
2026-09-07,11.831480979919434,I_020
2026-09-08,11.622385025024414,I_020
2026-09-09,12.289806365966797,I_020
2026-09-10,12.71635913848877,I_020
2026-09-11,16.5294132232666,I_020
2026-09-12,19.892343521118164,I_020
2026-09-13,18.451078414916992,I_020
2026-09-14,12.094934463500977,I_020
2026-09-15,11.850458145141602,I_020
2026-09-16,12.255033493041992,I_020
2026-09-17,12.68209457397461,I_020
2026-09-18,16.29667854309082,I_020
2026-09-19,19.864595413208008,I_020
2026-09-20,18.510847091674805,I_020
2026-09-21,11.940726280212402,I_020
2026-09-22,11.523097038269043,I_020
2026-09-23,12.33067798614502,I_020
2026-09-24,13.012028694152832,I_020
2026-09-25,17.466232299804688,I_020
2026-09-26,20.400989532470703,I_020
2026-09-27,19.127647399902344,I_020
2026-09-28,11.76923942565918,I_020
2026-09-29,11.698809623718262,I_020
2026-09-30,12.80781364440918,I_020
2026-10-01,12.9779691696167,I_020
2026-10-02,17.12079620361328,I_020
2026-10-03,20.092330932617188,I_020
2026-10-04,18.678009033203125,I_020
2026-10-05,11.840472221374512,I_020
2026-08-22,4.5506978034973145,I_021
2026-08-23,4.327728271484375,I_021
2026-08-24,2.9613583087921143,I_021
2026-08-25,2.617229700088501,I_021
2026-08-26,2.698528289794922,I_021
2026-08-27,2.9822418689727783,I_021
2026-08-28,3.7622451782226562,I_021
2026-08-29,4.372634410858154,I_021
2026-08-30,4.263350963592529,I_021
2026-08-31,2.9610211849212646,I_021
2026-09-01,2.9343249797821045,I_021
2026-09-02,3.006530284881592,I_021
2026-09-03,3.155116081237793,I_021
2026-09-04,4.005545616149902,I_021
2026-09-05,4.373726844787598,I_021
2026-09-06,4.124383926391602,I_021
2026-09-07,2.820797920227051,I_021
2026-09-08,2.789916515350342,I_021
2026-09-09,3.055943012237549,I_021
2026-09-10,2.982541799545288,I_021
2026-09-11,3.8755276203155518,I_021
2026-09-12,4.3454718589782715,I_021
2026-09-13,4.166367053985596,I_021
2026-09-14,2.740097999572754,I_021
2026-09-15,2.7048544883728027,I_021
2026-09-16,2.7875747680664062,I_021
2026-09-17,2.8849570751190186,I_021
2026-09-18,3.78419828414917,I_021
2026-09-19,4.30349588394165,I_021
2026-09-20,4.144059658050537,I_021
2026-09-21,2.68639874458313,I_021
2026-09-22,2.550356388092041,I_021
2026-09-23,2.635164976119995,I_021
2026-09-24,2.7962377071380615,I_021
2026-09-25,3.7613301277160645,I_021
2026-09-26,4.357822895050049,I_021
2026-09-27,4.158942222595215,I_021
2026-09-28,2.6208062171936035,I_021
2026-09-29,2.6082682609558105,I_021
2026-09-30,2.68900990486145,I_021
2026-10-01,2.8751540184020996,I_021
2026-10-02,3.8367204666137695,I_021
2026-10-03,4.33819055557251,I_021
2026-10-04,4.185396671295166,I_021
2026-10-05,2.7154290676116943,I_021
2026-08-22,1.7078776359558105,I_022
2026-08-23,1.5612965822219849,I_022
2026-08-24,1.0990198850631714,I_022
2026-08-25,1.01932954788208,I_022
2026-08-26,1.075026512145996,I_022
2026-08-27,1.2105337381362915,I_022
2026-08-28,1.371259331703186,I_022
2026-08-29,1.7220041751861572,I_022
2026-08-30,1.605894923210144,I_022
2026-08-31,1.1150550842285156,I_022
2026-09-01,1.0344370603561401,I_022
2026-09-02,1.0860811471939087,I_022
2026-09-03,1.1814583539962769,I_022
2026-09-04,1.359363317489624,I_022
2026-09-05,1.6884461641311646,I_022
2026-09-06,1.6237823963165283,I_022
2026-09-07,1.0834786891937256,I_022
2026-09-08,1.0257904529571533,I_022
2026-09-09,1.0812214612960815,I_022
2026-09-10,1.1718504428863525,I_022
2026-09-11,1.3499187231063843,I_022
2026-09-12,1.6965621709823608,I_022
2026-09-13,1.6330488920211792,I_022
2026-09-14,1.098451852798462,I_022
2026-09-15,1.036415934562683,I_022
2026-09-16,1.0718696117401123,I_022
2026-09-17,1.1522871255874634,I_022
2026-09-18,1.320612907409668,I_022
2026-09-19,1.7078776359558105,I_022
2026-09-20,1.6359248161315918,I_022
2026-09-21,1.0904312133789062,I_022
2026-09-22,1.0283952951431274,I_022
2026-09-23,1.0737195014953613,I_022
2026-09-24,1.1580982208251953,I_022
2026-09-25,1.3532606363296509,I_022
2026-09-26,1.7212966680526733,I_022
2026-09-27,1.694222092628479,I_022
2026-09-28,1.051957130432129,I_022
2026-09-29,1.0411632061004639,I_022
2026-09-30,1.1080985069274902,I_022
2026-10-01,1.1648529767990112,I_022
2026-10-02,1.359363317489624,I_022
2026-10-03,1.7118924856185913,I_022
2026-10-04,1.6686874628067017,I_022
2026-10-05,1.0834786891937256,I_022
2026-08-22,0.1249513253569603,I_023
2026-08-23,0.028036778792738914,I_023
2026-08-24,0.0,I_023
2026-08-25,0.0,I_023
2026-08-26,0.0,I_023
2026-08-27,0.0016057733446359634,I_023
2026-08-28,0.054096657782793045,I_023
2026-08-29,0.16870781779289246,I_023
2026-08-30,0.06834618002176285,I_023
2026-08-31,0.0,I_023
2026-09-01,0.0,I_023
2026-09-02,0.0,I_023
2026-09-03,0.013190258294343948,I_023
2026-09-04,0.07524542510509491,I_023
2026-09-05,0.13397200405597687,I_023
2026-09-06,0.04089946672320366,I_023
2026-09-07,0.0,I_023
2026-09-08,0.0,I_023
2026-09-09,0.0,I_023
2026-09-10,0.01700761169195175,I_023
2026-09-11,0.07922613620758057,I_023
2026-09-12,0.12198425829410553,I_023
2026-09-13,0.04315172880887985,I_023
2026-09-14,0.0,I_023
2026-09-15,0.0,I_023
2026-09-16,0.0,I_023
2026-09-17,0.0,I_023
2026-09-18,0.025827057659626007,I_023
2026-09-19,0.1249513253569603,I_023
2026-09-20,0.02458975650370121,I_023
2026-09-21,0.0,I_023
2026-09-22,0.0,I_023
2026-09-23,0.0,I_023
2026-09-24,0.017936697229743004,I_023
2026-09-25,0.0839632898569107,I_023
2026-09-26,0.16268739104270935,I_023
2026-09-27,0.05289522185921669,I_023
2026-09-28,0.0,I_023
2026-09-29,0.0,I_023
2026-09-30,0.0,I_023
2026-10-01,0.021785836666822433,I_023
2026-10-02,0.08402225375175476,I_023
2026-10-03,0.1396341323852539,I_023
2026-10-04,0.04656160995364189,I_023
2026-10-05,0.0,I_023
2026-08-22,3.244298219680786,I_024
2026-08-23,3.106534004211426,I_024
2026-08-24,2.0383641719818115,I_024
2026-08-25,1.94545578956604,I_024
2026-08-26,2.0296437740325928,I_024
2026-08-27,2.227890968322754,I_024
2026-08-28,2.726132392883301,I_024
2026-08-29,3.2389230728149414,I_024
2026-08-30,3.125682830810547,I_024
2026-08-31,2.169696092605591,I_024
2026-09-01,1.9583441019058228,I_024
2026-09-02,2.0028767585754395,I_024
2026-09-03,2.131357192993164,I_024
2026-09-04,2.742739200592041,I_024
2026-09-05,3.228257179260254,I_024
2026-09-06,3.106381893157959,I_024
2026-09-07,2.085530996322632,I_024
2026-09-08,1.9231743812561035,I_024
2026-09-09,1.9922964572906494,I_024
2026-09-10,2.062392234802246,I_024
2026-09-11,2.697309732437134,I_024
2026-09-12,3.1979734897613525,I_024
2026-09-13,3.1036016941070557,I_024
2026-09-14,2.0448904037475586,I_024
2026-09-15,1.9363858699798584,I_024
2026-09-16,1.9855308532714844,I_024
2026-09-17,2.039438486099243,I_024
2026-09-18,2.6646132469177246,I_024
2026-09-19,3.121955633163452,I_024
2026-09-20,3.1030869483947754,I_024
2026-09-21,2.030893087387085,I_024
2026-09-22,1.9223886728286743,I_024
2026-09-23,1.981404185295105,I_024
2026-09-24,2.071446418762207,I_024
2026-09-25,2.7414114475250244,I_024
2026-09-26,3.278341770172119,I_024
2026-09-27,3.225285291671753,I_024
2026-09-28,2.0995240211486816,I_024
2026-09-29,1.9451297521591187,I_024
2026-09-30,2.05056095123291,I_024
2026-10-01,2.0622615814208984,I_024
2026-10-02,2.712475061416626,I_024
2026-10-03,3.2115306854248047,I_024
2026-10-04,3.1421098709106445,I_024
2026-10-05,2.1328940391540527,I_024
2026-08-22,2.937786817550659,I_025
2026-08-23,2.8413469791412354,I_025
2026-08-24,1.9201353788375854,I_025
2026-08-25,1.8842716217041016,I_025
2026-08-26,1.914972186088562,I_025
2026-08-27,2.040963888168335,I_025
2026-08-28,2.4554882049560547,I_025
2026-08-29,2.985269069671631,I_025
2026-08-30,2.8565587997436523,I_025
2026-08-31,1.9534136056900024,I_025
2026-09-01,1.8443480730056763,I_025
2026-09-02,1.9135746955871582,I_025
2026-09-03,1.9752585887908936,I_025
2026-09-04,2.475811004638672,I_025
2026-09-05,2.893601179122925,I_025
2026-09-06,2.8291478157043457,I_025
2026-09-07,1.897688865661621,I_025
2026-09-08,1.8554878234863281,I_025
2026-09-09,1.894476294517517,I_025
2026-09-10,1.9784718751907349,I_025
2026-09-11,2.4663660526275635,I_025
2026-09-12,2.9017174243927,I_025
2026-09-13,2.8384146690368652,I_025
2026-09-14,1.9339786767959595,I_025
2026-09-15,1.8753637075424194,I_025
2026-09-16,1.8997770547866821,I_025
2026-09-17,1.9493612051010132,I_025
2026-09-18,2.4336695671081543,I_025
2026-09-19,2.937786817550659,I_025
2026-09-20,2.837899923324585,I_025
2026-09-21,1.9079149961471558,I_025
2026-09-22,1.8613665103912354,I_025
2026-09-23,1.8956503868103027,I_025
2026-09-24,1.9875259399414062,I_025
2026-09-25,2.521486759185791,I_025
2026-09-26,2.9874444007873535,I_025
2026-09-27,2.911158561706543,I_025
2026-09-28,1.8781129121780396,I_025
2026-09-29,1.882806420326233,I_025
2026-09-30,1.9529558420181274,I_025
2026-10-01,1.960518479347229,I_025
2026-10-02,2.498117685317993,I_025
2026-10-03,2.9170479774475098,I_025
2026-10-04,2.880319595336914,I_025
2026-10-05,1.9097553491592407,I_025
2026-08-22,19.06180763244629,I_026
2026-08-23,16.787534713745117,I_026
2026-08-24,10.703619003295898,I_026
2026-08-25,11.214319229125977,I_026
2026-08-26,11.676446914672852,I_026
2026-08-27,12.724217414855957,I_026
2026-08-28,16.494155883789062,I_026
2026-08-29,19.4357852935791,I_026
2026-08-30,17.604907989501953,I_026
2026-08-31,10.667522430419922,I_026
2026-09-01,10.813261985778809,I_026
2026-09-02,11.56775951385498,I_026
2026-09-03,12.356739044189453,I_026
2026-09-04,16.382017135620117,I_026
2026-09-05,19.013355255126953,I_026
2026-09-06,17.3344669342041,I_026
2026-09-07,11.071041107177734,I_026
2026-09-08,10.99229907989502,I_026
2026-09-09,11.617488861083984,I_026
2026-09-10,11.994850158691406,I_026
2026-09-11,16.288074493408203,I_026
2026-09-12,19.038591384887695,I_026
2026-09-13,17.305503845214844,I_026
2026-09-14,11.335701942443848,I_026
2026-09-15,11.175044059753418,I_026
2026-09-16,11.685256958007812,I_026
2026-09-17,11.917428970336914,I_026
2026-09-18,15.963481903076172,I_026
2026-09-19,18.31353759765625,I_026
2026-09-20,17.34356689453125,I_026
2026-09-21,11.167131423950195,I_026
2026-09-22,11.107169151306152,I_026
2026-09-23,11.623761177062988,I_026
2026-09-24,12.068991661071777,I_026
2026-09-25,16.633146286010742,I_026
2026-09-26,19.504419326782227,I_026
2026-09-27,17.729717254638672,I_026
2026-09-28,10.411995887756348,I_026
2026-09-29,11.256598472595215,I_026
2026-09-30,11.838611602783203,I_026
2026-10-01,11.973994255065918,I_026
2026-10-02,16.315893173217773,I_026
2026-10-03,19.16208839416504,I_026
2026-10-04,17.5393009185791,I_026
2026-10-05,11.015745162963867,I_026
2026-08-22,1.045701503753662,I_027
2026-08-23,0.978909432888031,I_027
2026-08-24,0.6996271014213562,I_027
2026-08-25,0.6703548431396484,I_027
2026-08-26,0.6938404440879822,I_027
2026-08-27,0.7543171644210815,I_027
2026-08-28,0.9059551358222961,I_027
2026-08-29,1.058900237083435,I_027
2026-08-30,0.9611493349075317,I_027
2026-08-31,0.6691194176673889,I_027
2026-09-01,0.6552388072013855,I_027
2026-09-02,0.6448671817779541,I_027
2026-09-03,0.696104884147644,I_027
2026-09-04,0.8988274931907654,I_027
2026-09-05,1.0262700319290161,I_027
2026-09-06,0.9358085989952087,I_027
2026-09-07,0.6396963000297546,I_027
2026-09-08,0.5928123593330383,I_027
2026-09-09,0.640006959438324,I_027
2026-09-10,0.6864965558052063,I_027
2026-09-11,0.889382541179657,I_027
2026-09-12,1.0343860387802124,I_027
2026-09-13,0.9450750350952148,I_027
2026-09-14,0.6546692252159119,I_027
2026-09-15,0.6034376621246338,I_027
2026-09-16,0.6306549906730652,I_027
2026-09-17,0.6669330596923828,I_027
2026-09-18,0.8600764274597168,I_027
2026-09-19,1.045701503753662,I_027
2026-09-20,0.9479506015777588,I_027
2026-09-21,0.6466482877731323,I_027
2026-09-22,0.5954167246818542,I_027
2026-09-23,0.6325047016143799,I_027
2026-09-24,0.6865700483322144,I_027
2026-09-25,0.8927239775657654,I_027
2026-09-26,1.0653698444366455,I_027
2026-09-27,0.9816059470176697,I_027
2026-09-28,0.6745796203613281,I_027
2026-09-29,0.6598117351531982,I_027
2026-09-30,0.6494780778884888,I_027
2026-10-01,0.6794993281364441,I_027
2026-10-02,0.8988274931907654,I_027
2026-10-03,1.0497163534164429,I_027
2026-10-04,0.9733097553253174,I_027
2026-10-05,0.6840863823890686,I_027
2026-08-22,15.321483612060547,I_028
2026-08-23,13.884490966796875,I_028
2026-08-24,10.242546081542969,I_028
2026-08-25,10.204856872558594,I_028
2026-08-26,10.473394393920898,I_028
2026-08-27,10.38121223449707,I_028
2026-08-28,13.384245872497559,I_028
2026-08-29,14.866108894348145,I_028
2026-08-30,14.117481231689453,I_028
2026-08-31,10.061700820922852,I_028
2026-09-01,10.029173851013184,I_028
2026-09-02,10.2769193649292,I_028
2026-09-03,10.651728630065918,I_028
2026-09-04,13.488020896911621,I_028
2026-09-05,14.513762474060059,I_028
2026-09-06,13.682598114013672,I_028
2026-09-07,9.999345779418945,I_028
2026-09-08,10.250386238098145,I_028
2026-09-09,10.613607406616211,I_028
2026-09-10,10.726463317871094,I_028
2026-09-11,13.508673667907715,I_028
2026-09-12,14.272992134094238,I_028
2026-09-13,13.72521686553955,I_028
2026-09-14,10.155202865600586,I_028
2026-09-15,10.394909858703613,I_028
2026-09-16,10.483375549316406,I_028
2026-09-17,10.899219512939453,I_028
2026-09-18,13.39055061340332,I_028
2026-09-19,14.430782318115234,I_028
2026-09-20,14.063362121582031,I_028
2026-09-21,10.272432327270508,I_028
2026-09-22,10.286375045776367,I_028
2026-09-23,10.419868469238281,I_028
2026-09-24,11.03863525390625,I_028
2026-09-25,13.602171897888184,I_028
2026-09-26,14.959421157836914,I_028
2026-09-27,14.194422721862793,I_028
2026-09-28,9.901813507080078,I_028
2026-09-29,10.246463775634766,I_028
2026-09-30,10.569764137268066,I_028
2026-10-01,10.728926658630371,I_028
2026-10-02,13.379093170166016,I_028
2026-10-03,14.60138988494873,I_028
2026-10-04,14.107539176940918,I_028
2026-10-05,9.776374816894531,I_028
2026-08-22,9.468107223510742,I_029
2026-08-23,9.40476131439209,I_029
2026-08-24,5.795390605926514,I_029
2026-08-25,5.907382011413574,I_029
2026-08-26,6.224309921264648,I_029
2026-08-27,6.584982395172119,I_029
2026-08-28,8.086785316467285,I_029
2026-08-29,9.975342750549316,I_029
2026-08-30,9.762345314025879,I_029
2026-08-31,6.094071388244629,I_029
2026-09-01,5.7632012367248535,I_029
2026-09-02,6.200011730194092,I_029
2026-09-03,6.375049591064453,I_029
2026-09-04,8.061147689819336,I_029
2026-09-05,9.623394966125488,I_029
2026-09-06,9.529974937438965,I_029
2026-09-07,5.857628345489502,I_029
2026-09-08,5.821326732635498,I_029
2026-09-09,6.1483378410339355,I_029
2026-09-10,6.384025573730469,I_029
2026-09-11,8.108498573303223,I_029
2026-09-12,9.520365715026855,I_029
2026-09-13,9.352835655212402,I_029
2026-09-14,5.827949047088623,I_029
2026-09-15,5.923165321350098,I_029
2026-09-16,6.069786071777344,I_029
2026-09-17,6.240067481994629,I_029
2026-09-18,7.965856552124023,I_029
2026-09-19,9.622696876525879,I_029
2026-09-20,9.577537536621094,I_029
2026-09-21,6.078860759735107,I_029
2026-09-22,5.87598991394043,I_029
2026-09-23,6.0921783447265625,I_029
2026-09-24,6.3839497566223145,I_029
2026-09-25,8.179566383361816,I_029
2026-09-26,9.820342063903809,I_029
2026-09-27,9.813634872436523,I_029
2026-09-28,6.023058891296387,I_029
2026-09-29,5.939284324645996,I_029
2026-09-30,6.291101455688477,I_029
2026-10-01,6.335705757141113,I_029
2026-10-02,8.077420234680176,I_029
2026-10-03,9.653627395629883,I_029
2026-10-04,9.65869426727295,I_029
2026-10-05,6.086216926574707,I_029
2026-08-22,11.109990119934082,I_030
2026-08-23,9.88766860961914,I_030
2026-08-24,7.358084678649902,I_030
2026-08-25,7.410039901733398,I_030
2026-08-26,7.858650207519531,I_030
2026-08-27,7.98342227935791,I_030
2026-08-28,10.472424507141113,I_030
2026-08-29,12.188981056213379,I_030
2026-08-30,10.483726501464844,I_030
2026-08-31,7.561239719390869,I_030
2026-09-01,7.365965843200684,I_030
2026-09-02,7.646369934082031,I_030
2026-09-03,7.83861780166626,I_030
2026-09-04,9.782369613647461,I_030
2026-09-05,11.80070686340332,I_030
2026-09-06,10.249622344970703,I_030
2026-09-07,7.369771480560303,I_030
2026-09-08,7.33635950088501,I_030
2026-09-09,7.704650402069092,I_030
2026-09-10,7.833271503448486,I_030
2026-09-11,9.519790649414062,I_030
2026-09-12,11.924121856689453,I_030
2026-09-13,10.568428993225098,I_030
2026-09-14,7.4363017082214355,I_030
2026-09-15,7.4466047286987305,I_030
2026-09-16,7.692946434020996,I_030
2026-09-17,7.5795207023620605,I_030
2026-09-18,9.510488510131836,I_030
2026-09-19,11.690977096557617,I_030
2026-09-20,10.161062240600586,I_030
2026-09-21,7.276591777801514,I_030
2026-09-22,7.296541213989258,I_030
2026-09-23,7.433928489685059,I_030
2026-09-24,7.622436046600342,I_030
2026-09-25,9.831961631774902,I_030
2026-09-26,12.451096534729004,I_030
2026-09-27,11.007339477539062,I_030
2026-09-28,7.147685527801514,I_030
2026-09-29,7.467320919036865,I_030
2026-09-30,7.781517028808594,I_030
2026-10-01,7.320709705352783,I_030
2026-10-02,9.577353477478027,I_030
2026-10-03,11.72994327545166,I_030
2026-10-04,10.453507423400879,I_030
2026-10-05,7.011360168457031,I_030
2026-08-22,2.519158363342285,I_031
2026-08-23,2.3302836418151855,I_031
2026-08-24,1.497323751449585,I_031
2026-08-25,1.4216207265853882,I_031
2026-08-26,1.4312937259674072,I_031
2026-08-27,1.7919425964355469,I_031
2026-08-28,2.009406089782715,I_031
2026-08-29,2.544938802719116,I_031
2026-08-30,2.3421881198883057,I_031
2026-08-31,1.4998321533203125,I_031
2026-09-01,1.4915904998779297,I_031
2026-09-02,1.5759087800979614,I_031
2026-09-03,1.8028966188430786,I_031
2026-09-04,2.0984623432159424,I_031
2026-09-05,2.543287754058838,I_031
2026-09-06,2.366594076156616,I_031
2026-09-07,1.4837090969085693,I_031
2026-09-08,1.5439521074295044,I_031
2026-09-09,1.6519492864608765,I_031
2026-09-10,1.7769300937652588,I_031
2026-09-11,2.076057195663452,I_031
2026-09-12,2.4949727058410645,I_031
2026-09-13,2.3582301139831543,I_031
2026-09-14,1.4892610311508179,I_031
2026-09-15,1.579075574874878,I_031
2026-09-16,1.6771690845489502,I_031
2026-09-17,1.7536169290542603,I_031
2026-09-18,2.043001174926758,I_031
2026-09-19,2.552583932876587,I_031
2026-09-20,2.360262155532837,I_031
2026-09-21,1.4801350831985474,I_031
2026-09-22,1.570298433303833,I_031
2026-09-23,1.685579776763916,I_031
2026-09-24,1.798020839691162,I_031
2026-09-25,2.0853381156921387,I_031
2026-09-26,2.6096744537353516,I_031
2026-09-27,2.5341405868530273,I_031
2026-09-28,1.405196189880371,I_031
2026-09-29,1.501456618309021,I_031
2026-09-30,1.7056106328964233,I_031
2026-10-01,1.7620552778244019,I_031
2026-10-02,2.1011886596679688,I_031
2026-10-03,2.555222272872925,I_031
2026-10-04,2.378528594970703,I_031
2026-10-05,1.439217448234558,I_031
2026-08-22,2.6180052757263184,I_032
2026-08-23,2.1741323471069336,I_032
2026-08-24,1.6554001569747925,I_032
2026-08-25,1.589689016342163,I_032
2026-08-26,1.829540491104126,I_032
2026-08-27,2.0147576332092285,I_032
2026-08-28,2.097320795059204,I_032
2026-08-29,2.744154691696167,I_032
2026-08-30,2.4650745391845703,I_032
2026-08-31,1.772357702255249,I_032
2026-09-01,1.6376135349273682,I_032
2026-09-02,1.7072123289108276,I_032
2026-09-03,1.804268479347229,I_032
2026-09-04,2.0347602367401123,I_032
2026-09-05,2.542708396911621,I_032
2026-09-06,2.361159086227417,I_032
2026-09-07,1.6571881771087646,I_032
2026-09-08,1.6556288003921509,I_032
2026-09-09,1.713948369026184,I_032
2026-09-10,1.8058888912200928,I_032
2026-09-11,1.9993079900741577,I_032
2026-09-12,2.5421252250671387,I_032
2026-09-13,2.356654644012451,I_032
2026-09-14,1.6677725315093994,I_032
2026-09-15,1.6691826581954956,I_032
2026-09-16,1.7075248956680298,I_032
2026-09-17,1.790074110031128,I_032
2026-09-18,2.0001742839813232,I_032
2026-09-19,2.612999200820923,I_032
2026-09-20,2.3752970695495605,I_032
2026-09-21,1.6741260290145874,I_032
2026-09-22,1.6828534603118896,I_032
2026-09-23,1.7237489223480225,I_032
2026-09-24,1.8542189598083496,I_032
2026-09-25,2.1066324710845947,I_032
2026-09-26,2.7132186889648438,I_032
2026-09-27,2.551173448562622,I_032
2026-09-28,1.7137024402618408,I_032
2026-09-29,1.7758324146270752,I_032
2026-09-30,1.834281086921692,I_032
2026-10-01,1.7866182327270508,I_032
2026-10-02,2.084773302078247,I_032
2026-10-03,2.5805697441101074,I_032
2026-10-04,2.4130749702453613,I_032
2026-10-05,1.6500049829483032,I_032
2026-08-22,2.167257308959961,I_033
2026-08-23,1.9171839952468872,I_033
2026-08-24,1.2086772918701172,I_033
2026-08-25,1.2246732711791992,I_033
2026-08-26,1.2659343481063843,I_033
2026-08-27,1.5646454095840454,I_033
2026-08-28,1.8491638898849487,I_033
2026-08-29,2.1862101554870605,I_033
2026-08-30,1.9326896667480469,I_033
2026-08-31,1.2371001243591309,I_033
2026-09-01,1.2747387886047363,I_033
2026-09-02,1.3186776638031006,I_033
2026-09-03,1.5632537603378296,I_033
2026-09-04,1.9377106428146362,I_033
2026-09-05,2.1253573894500732,I_033
2026-09-06,1.9106905460357666,I_033
2026-09-07,1.2385425567626953,I_033
2026-09-08,1.2266120910644531,I_033
2026-09-09,1.2794175148010254,I_033
2026-09-10,1.4713642597198486,I_033
2026-09-11,1.9020789861679077,I_033
2026-09-12,2.0537607669830322,I_033
2026-09-13,1.8934530019760132,I_033
2026-09-14,1.257057547569275,I_033
2026-09-15,1.245138168334961,I_033
2026-09-16,1.2779662609100342,I_033
2026-09-17,1.357100486755371,I_033
2026-09-18,1.7746745347976685,I_033
2026-09-19,2.07985258102417,I_033
2026-09-20,1.8790861368179321,I_033
2026-09-21,1.2321069240570068,I_033
2026-09-22,1.2201875448226929,I_033
2026-09-23,1.2628861665725708,I_033
2026-09-24,1.3598076105117798,I_033
2026-09-25,1.8192251920700073,I_033
2026-09-26,2.0959596633911133,I_033
2026-09-27,2.0178439617156982,I_033
2026-09-28,1.174033761024475,I_033
2026-09-29,1.1701810359954834,I_033
2026-09-30,1.2192378044128418,I_033
2026-10-01,1.4080842733383179,I_033
2026-10-02,1.868757724761963,I_033
2026-10-03,2.0955913066864014,I_033
2026-10-04,1.9855611324310303,I_033
2026-10-05,1.2308305501937866,I_033
2026-08-22,1.8242855072021484,I_034
2026-08-23,2.079439878463745,I_034
2026-08-24,1.1169780492782593,I_034
2026-08-25,1.3466894626617432,I_034
2026-08-26,1.2794371843338013,I_034
2026-08-27,1.3324739933013916,I_034
2026-08-28,1.7448104619979858,I_034
2026-08-29,1.9963065385818481,I_034
2026-08-30,1.8561081886291504,I_034
2026-08-31,1.1429154872894287,I_034
2026-09-01,1.012387752532959,I_034
2026-09-02,1.1436917781829834,I_034
2026-09-03,1.2543833255767822,I_034
2026-09-04,1.6725187301635742,I_034
2026-09-05,1.9096633195877075,I_034
2026-09-06,1.7776978015899658,I_034
2026-09-07,1.088613510131836,I_034
2026-09-08,1.05648672580719,I_034
2026-09-09,1.139621615409851,I_034
2026-09-10,1.276628017425537,I_034
2026-09-11,1.6859962940216064,I_034
2026-09-12,1.9035600423812866,I_034
2026-09-13,1.79833984375,I_034
2026-09-14,1.1107680797576904,I_034
2026-09-15,1.0861506462097168,I_034
2026-09-16,1.1761438846588135,I_034
2026-09-17,1.2705707550048828,I_034
2026-09-18,1.6642711162567139,I_034
2026-09-19,1.95325767993927,I_034
2026-09-20,1.7885204553604126,I_034
2026-09-21,1.1113883256912231,I_034
2026-09-22,1.0867708921432495,I_034
2026-09-23,1.173461675643921,I_034
2026-09-24,1.3267743587493896,I_034
2026-09-25,1.864256501197815,I_034
2026-09-26,2.0471372604370117,I_034
2026-09-27,1.9082155227661133,I_034
2026-09-28,1.085750937461853,I_034
2026-09-29,1.14774751663208,I_034
2026-09-30,1.2753145694732666,I_034
2026-10-01,1.206233263015747,I_034
2026-10-02,1.7195789813995361,I_034
2026-10-03,1.9161734580993652,I_034
2026-10-04,1.7838525772094727,I_034
2026-10-05,1.0534584522247314,I_034
