Ingredient_ID,avg_actual,avg_predicted,mae
I_007,35.759857142857136,36.14493942260742,1.991739308820453
I_001,9.662135714285712,10.85388469696045,1.421316811152867
I_030,9.256071428571428,8.685088157653809,0.9158362993512835
I_018,6.2206857142857155,6.951760768890381,0.8719929169246124
I_020,14.986542857142856,14.778056144714355,0.6691546476091659
I_026,14.1426,13.927990913391113,0.6551095112391884
I_028,11.77437142857143,11.998245239257812,0.647735549817766
I_017,6.244014285714287,6.114078044891357,0.6442806619371689
I_029,7.439307142857142,7.181602954864502,0.5278466579982213
I_021,3.108857142857143,3.3637962341308594,0.5248856906345912
I_019,9.148950000000001,8.984610557556152,0.42297196709769114
I_010,4.157092857142858,3.986934185028076,0.3995822909218926
I_034,1.6524000000000003,1.5016990900039673,0.37248032428196515
I_003,4.328399999999999,4.251132488250732,0.34872629503522606
I_032,1.964357142857143,1.9500911235809326,0.344086555153983
I_004,3.653871428571428,3.6801161766052246,0.2696050199508667
I_031,1.7922000000000005,1.8437227010726929,0.2628162857600621
I_033,1.52955,1.6006994247436523,0.26159690339224684
I_013,4.284977142857143,4.233161926269531,0.2464909133529662
I_014,4.231902857142858,4.196004867553711,0.22879031103951591
I_025,2.2647642857142856,2.263967752456665,0.1715631241253444
I_006,1.5013142857142856,1.4643501043319702,0.11742371579306467
I_024,2.4150685714285713,2.4264495372772217,0.10881414829799109
I_012,1.720615,1.7039183378219604,0.0862855694498335
I_015,1.2963085714285714,1.312570333480835,0.07948658569608416
I_009,0.9579735714285713,0.9036135673522949,0.07476285565103805
I_011,1.0614150000000004,1.0299620628356934,0.06944607788222182
I_022,1.275949285714286,1.2679108381271362,0.06108318201065064
I_016,0.2575,0.23044148087501526,0.04499047672612326
I_005,0.08821428571428572,0.07115496695041656,0.042979663018084
I_027,0.8281200000000001,0.8130316138267517,0.04167925934655329
I_002,0.12418857142857141,0.09564021974802017,0.037637687130102085
I_008,0.6414428571428571,0.6336985230445862,0.03730941221169063
I_023,0.017910285714285715,0.033323559910058975,0.03135729829006961
