Date,Ingredient_ID,quantity_used,predicted,abs_error
2026-08-08,I_017,6.5921,8.056959,1.4648591522216794
2026-08-08,I_002,0.18746,0.20329091,0.015830909528732312
2026-08-08,I_015,1.7982,1.7330879,0.0651121026992798
2026-08-08,I_007,47.5198,49.10716,1.5873586608886754
2026-08-08,I_022,1.7304000000000002,1.6713349,0.05906513729095475
2026-08-08,I_025,2.6316,3.0202916,0.3886915668487547
2026-08-08,I_026,18.144,18.338587,0.1945868072509782
2026-08-08,I_008,0.84888,0.8469404,0.0019396017837524093
2026-08-08,I_010,4.817700000000001,5.3477654,0.5300654457092273
2026-08-08,I_019,11.83665,11.944881,0.10823143920898382
2026-08-08,I_024,3.1354800000000003,3.1102624,0.02521760604858425
2026-08-08,I_021,3.8232,4.3907804,0.5675804489135743
2026-08-08,I_013,5.6160000000000005,5.726356,0.1103560295104975
2026-08-08,I_004,4.9572,4.8438377,0.1133622619628909
2026-08-08,I_014,5.5404,5.623589,0.08318903884887696
2026-08-08,I_029,9.0524,9.578558,0.526157968139648
2026-08-08,I_032,2.1012,2.655319,0.5541189754486084
2026-08-08,I_020,18.9918,19.655174,0.6633742553710924
2026-08-08,I_027,1.10725,1.0445778,0.06267216300964362
2026-08-08,I_005,0.10868,0.18200016,0.07332016021728516
2026-08-08,I_012,2.26188,2.1933575,0.06852253234863293
2026-08-08,I_033,2.4926,2.2931986,0.19940141448974602
2026-08-08,I_003,5.2311000000000005,5.751874,0.5207739700317378
2026-08-08,I_009,1.19274,1.1215419,0.07119814228057852
2026-08-08,I_023,0.025272,0.1339609,0.10868890269088745
2026-08-08,I_016,0.32548,0.3779555,0.05247549631118775
2026-08-08,I_011,1.4080100000000002,1.2801799,0.12783014179229757
2026-08-08,I_030,10.653,11.377707,0.7247065277099605
2026-08-08,I_006,1.6796,1.862241,0.1826410297393799
2026-08-08,I_034,2.1384000000000003,1.778611,0.3597890552520755
2026-08-08,I_031,3.0694000000000004,2.5098777,0.5595223182678226
2026-08-08,I_018,8.639000000000001,7.926317,0.7126827850341808
2026-08-08,I_028,15.8929,14.5995455,1.2933545211791984
2026-08-08,I_001,13.2046,13.775671,0.5710710052490242
2026-08-09,I_009,1.09695,1.0779831,0.01896685905456552
2026-08-09,I_003,4.80585,5.381724,0.5758738807678219
2026-08-09,I_004,4.1688,4.7117667,0.5429667198181152
2026-08-09,I_013,4.786560000000001,5.354865,0.5683050741577143
2026-08-09,I_020,16.8642,18.698782,1.8345819671630856
2026-08-09,I_012,1.9261,2.1283085,0.20220853462219246
2026-08-09,I_014,4.73256,5.359694,0.6271340040588376
2026-08-09,I_021,3.0564,4.473236,1.416836083984375
2026-08-09,I_031,1.9364,2.4781566,0.5417565666198731
2026-08-09,I_033,1.3596,2.180641,0.8210409358978272
2026-08-09,I_029,8.6814,9.428135,0.7467349182128906
2026-08-09,I_018,7.584300000000001,7.5925207,0.008220713806151636
2026-08-09,I_022,1.43067,1.645389,0.21471896083831776
2026-08-09,I_005,0.09412,0.09648578,0.002365778689384465
2026-08-09,I_026,16.2,17.427483,1.2274826049804695
2026-08-09,I_032,2.5338,2.2112525,0.32254754905700667
2026-08-09,I_010,4.4732,4.889751,0.4165509574890134
2026-08-09,I_002,0.1339,0.12208857,0.011811433577537528
2026-08-09,I_017,7.8781,7.8133135,0.06478651580810535
2026-08-09,I_007,39.4426,44.191006,4.748405706787111
2026-08-09,I_034,2.1384000000000003,1.8247523,0.313647669219971
2026-08-09,I_023,0.020072,0.036688518,0.016616517779111863
2026-08-09,I_024,2.7458400000000003,3.10653,0.3606899510955808
2026-08-09,I_028,13.6372,13.827463,0.19026315002441407
2026-08-09,I_019,10.5756,11.406308,0.8307081741333011
2026-08-09,I_015,1.42776,1.6784099,0.25064993404388436
2026-08-09,I_027,0.9867400000000002,0.9634682,0.023271805992126637
2026-08-09,I_030,10.494,10.580903,0.08690305328369163
2026-08-09,I_025,2.5296000000000003,2.7069533,0.1773532871246335
2026-08-09,I_016,0.29458,0.27880335,0.015776651458740243
2026-08-09,I_001,10.815,12.910586,2.0955863571166997
2026-08-09,I_008,0.7333200000000001,0.77320313,0.03988313453674308
2026-08-09,I_011,1.22055,1.2607149,0.04016488857269285
2026-08-09,I_006,1.6692,1.6717443,0.0025443466186523267
2026-08-10,I_004,3.0132000000000003,3.0519176,0.038717552947997724
2026-08-10,I_021,2.1276,2.630381,0.5027811073303221
2026-08-10,I_011,0.79413,0.8766011,0.08247109996795654
2026-08-10,I_032,1.9158,1.7082129,0.2075871475219726
2026-08-10,I_010,3.1005000000000003,3.224991,0.12449108314514135
2026-08-10,I_034,0.972,1.1051018,0.13310182380676272
2026-08-10,I_028,9.888000000000002,10.276205,0.38820506286620926
2026-08-10,I_030,8.427,7.02017,1.4068297882080074
2026-08-10,I_018,4.7647,6.2293816,1.4646815612792965
2026-08-10,I_002,0.07004,0.035954434,0.03408556557536126
2026-08-10,I_031,1.3802,1.3505243,0.029675693702697847
2026-08-10,I_015,0.97632,1.0782753,0.10195532291412357
2026-08-10,I_016,0.21836,0.14657046,0.07178954099178314
2026-08-10,I_023,0.012792,0.0,0.012792
2026-08-10,I_009,0.6571400000000001,0.7547643,0.09762431846618647
2026-08-10,I_005,0.06032,0.006954567,0.053365432958751916
2026-08-10,I_026,11.7558,10.892927,0.862872830200196
2026-08-10,I_003,3.974250000000001,3.387778,0.5864719562530527
2026-08-10,I_025,2.3562,1.8516108,0.5045892202377318
2026-08-10,I_008,0.5238,0.5282144,0.0044143950462340875
2026-08-10,I_006,1.1024,1.2345216,0.13212162742614741
2026-08-10,I_020,11.7342,12.058828,0.3246283538818364
2026-08-10,I_012,1.26896,1.352391,0.08343100456237784
2026-08-10,I_022,0.98056,1.0236262,0.0430662083053589
2026-08-10,I_001,7.8898,8.466693,0.5768929244995116
2026-08-10,I_027,0.66229,0.7019877,0.039697683773040726
2026-08-10,I_019,7.187250000000001,7.4545913,0.267341274261474
2026-08-10,I_007,24.6132,31.272842,6.659642407226563
2026-08-10,I_013,3.2335200000000004,3.404665,0.17114499328613242
2026-08-10,I_033,1.0197,1.1646096,0.14490955142974848
2026-08-10,I_029,5.411300000000001,5.8340197,0.42271966094970637
2026-08-10,I_014,3.1989600000000005,3.3838668,0.18490678695678664
2026-08-10,I_024,1.9023,2.0452325,0.14293253440856923
2026-08-10,I_017,6.5223,4.9243803,1.5979196975708012
2026-08-11,I_002,0.09476,0.04978574,0.044974259326457974
2026-08-11,I_014,3.83184,3.4144702,0.41736980422973646
2026-08-11,I_013,3.87288,3.430793,0.44208695304870593
2026-08-11,I_004,2.9862,2.961216,0.024984027099609563
2026-08-11,I_011,0.9476,0.8326656,0.11493437776565552
2026-08-11,I_031,1.5038,1.5715424,0.06774238224029538
2026-08-11,I_016,0.24308,0.16971852,0.07336148114681243
2026-08-11,I_018,5.543800000000001,5.9584494,0.41464936370849514
2026-08-11,I_003,3.84405,3.5042353,0.33981473236084003
2026-08-11,I_030,8.904,6.955941,1.9480587997436523
2026-08-11,I_012,1.57796,1.2894145,0.28854547496795657
2026-08-11,I_019,8.11125,7.3261,0.7851501274108887
2026-08-11,I_001,8.7241,8.542927,0.18117321166992184
2026-08-11,I_029,6.7681,5.906619,0.8614809280395503
2026-08-11,I_017,4.9314,5.1854906,0.254090608215332
2026-08-11,I_020,13.8294,11.888797,1.9406031936645505
2026-08-11,I_032,2.0394,1.7810314,0.25836862983703623
2026-08-11,I_021,2.6892,2.8067071,0.1175071437835693
2026-08-11,I_023,0.017264,0.0,0.017264
2026-08-11,I_007,31.747,26.980331,4.766668579101562
2026-08-11,I_025,1.7901000000000002,1.9212977,0.13119766941070532
2026-08-11,I_028,9.8777,10.509155,0.6314552734374992
2026-08-11,I_006,1.48616,1.1157113,0.37044866863250725
2026-08-11,I_022,1.13815,1.0393443,0.09880568923950195
2026-08-11,I_034,1.1664,1.173648,0.007247999763488666
2026-08-11,I_009,0.90228,0.6692574,0.23302259757995603
2026-08-11,I_010,4.123400000000001,3.1545117,0.9688883098602306
2026-08-11,I_033,1.3596,1.3781632,0.01856321849823006
2026-08-11,I_008,0.58104,0.46704295,0.1139970472240448
2026-08-11,I_005,0.08528,0.026545435,0.05873456480979919
2026-08-11,I_027,0.7343900000000001,0.66014564,0.07424435962677012
2026-08-11,I_015,1.161,1.0718418,0.08915816402435306
2026-08-11,I_024,2.15322,1.9367281,0.21649188014984144
2026-08-11,I_026,13.0842,11.312298,1.7719021789550773
2026-08-12,I_011,0.99807,0.8667521,0.13131791193008424
2026-08-12,I_033,1.30295,1.3322711,0.02932109909057612
2026-08-12,I_012,1.58723,1.4451975,0.14203253696441642
2026-08-12,I_019,7.96215,7.3003125,0.661837480926514
2026-08-12,I_023,0.016952,0.0,0.016952
2026-08-12,I_022,1.09489,1.0782931,0.016596914901733317
2026-08-12,I_005,0.08476,0.030911429,0.053848571146130564
2026-08-12,I_034,1.1664,1.1402041,0.026195928001403912
2026-08-12,I_027,0.76117,0.72503376,0.03613623992919923
2026-08-12,I_031,1.9879,1.5003514,0.4875485710144043
2026-08-12,I_021,1.8684000000000005,2.7766857,0.9082857147216792
2026-08-12,I_015,1.0476,1.106131,0.0585309576034545
2026-08-12,I_024,2.07978,2.0029273,0.07685269668579098
2026-08-12,I_029,6.9748,6.1216106,0.8531893585205079
2026-08-12,I_016,0.23278,0.18294509,0.04983491244792937
2026-08-12,I_032,1.7304,1.589434,0.14096597232818597
2026-08-12,I_008,0.54108,0.541403,0.00032299558639525827
2026-08-12,I_010,3.8372000000000006,3.346157,0.49104292602539124
2026-08-12,I_026,12.5226,12.027141,0.49545938262939515
2026-08-12,I_003,3.67185,3.5274844,0.14436558303833014
2026-08-12,I_020,13.095,12.720903,0.3740966033935553
2026-08-12,I_002,0.09476,0.05288037,0.041879630873203275
2026-08-12,I_018,5.9572,6.152346,0.19514613418579074
2026-08-12,I_017,4.0806,5.1560645,1.0754645103454594
2026-08-12,I_001,8.034,9.579895,1.5458950195312493
2026-08-12,I_014,3.71304,3.4796548,0.23338521102905263
2026-08-12,I_030,7.154999999999999,7.605069,0.4500691604614264
2026-08-12,I_025,2.0706,1.9434471,0.12715288696289084
2026-08-12,I_009,0.93112,0.79616153,0.13495846759796137
2026-08-12,I_006,1.45392,1.3284452,0.1254748038482667
2026-08-12,I_004,2.7378,2.989906,0.25210607261657714
2026-08-12,I_007,32.5632,32.55589,0.007310870361330046
2026-08-12,I_028,10.4339,10.752286,0.3183859573364263
2026-08-12,I_013,3.73896,3.4843965,0.2545635423278809
2026-08-13,I_001,6.9422,9.621528,2.679327671813965
2026-08-13,I_016,0.21836,0.21954302,0.0011830248975753799
2026-08-13,I_019,7.88025,7.7141438,0.1661062469482424
2026-08-13,I_013,3.77784,3.6062737,0.171566348876953
2026-08-13,I_003,3.90705,3.6316254,0.2754245861053466
2026-08-13,I_022,1.1082800000000002,1.1411374,0.032857361526489104
2026-08-13,I_006,1.28752,1.3920703,0.10455029342651367
2026-08-13,I_018,4.1446000000000005,6.7646947,2.620094690704345
2026-08-13,I_034,1.5552,1.4569185,0.09828152198791495
2026-08-13,I_009,0.8734400000000001,0.86066073,0.012779268207550154
2026-08-13,I_007,31.8106,32.979145,1.1685450500488272
2026-08-13,I_023,0.012272,0.011423807,0.0008481933401226997
2026-08-13,I_030,8.586,7.2748017,1.3111982688903812
2026-08-13,I_027,0.69525,0.7797596,0.08450958585739132
2026-08-13,I_012,1.5027700000000002,1.5375055,0.034735507469177085
2026-08-13,I_032,1.4214,1.8483199,0.4269198881149292
2026-08-13,I_026,12.1446,12.181984,0.037383947753905744
2026-08-13,I_004,3.6396000000000006,3.1010098,0.538590154266358
2026-08-13,I_010,3.6464000000000008,3.560511,0.08588888778686599
2026-08-13,I_011,0.92082,0.9756406,0.05482059495925906
2026-08-13,I_017,5.2728,5.2287655,0.044034512329101716
2026-08-13,I_031,1.6583,1.7651691,0.1068691436767577
2026-08-13,I_024,2.07978,2.059464,0.02031602218627926
2026-08-13,I_005,0.06552,0.059418272,0.006101727772951121
2026-08-13,I_014,3.7152,3.581565,0.1336350967407225
2026-08-13,I_028,9.6511,11.25146,1.6003600753784184
2026-08-13,I_029,6.148000000000001,6.3433833,0.19538331222534122
2026-08-13,I_025,1.8462,1.8469442,0.0007442129135131204
2026-08-13,I_033,1.18965,1.5756913,0.3860413423538207
2026-08-13,I_008,0.5076,0.5878926,0.08029259195327754
2026-08-13,I_021,2.8296,2.8991644,0.06956443824768055
2026-08-13,I_002,0.12772,0.08138721,0.04633279308795929
2026-08-13,I_020,13.0464,13.25945,0.2130499588012693
2026-08-13,I_015,1.11024,1.1937566,0.08351658035278331
2026-08-14,I_028,13.5239,13.44772,0.07618042602538999
2026-08-14,I_002,0.15244,0.14144,0.010999995889663688
2026-08-14,I_004,4.2552,4.3912926,0.13609257202148406
2026-08-14,I_020,16.3728,16.561842,0.1890419647216781
2026-08-14,I_006,1.62448,1.6352893,0.010809311408996658
2026-08-14,I_017,8.2604,6.976572,1.2838279632568366
2026-08-14,I_018,6.9854,8.209386,1.2239858718872068
2026-08-14,I_007,39.697,40.132797,0.43579724121093477
2026-08-14,I_030,10.494,10.168393,0.325606864929199
2026-08-14,I_009,1.03,1.0189869,0.011013059616088894
2026-08-14,I_008,0.7333200000000001,0.6526271,0.08069288951873788
2026-08-14,I_014,4.60512,4.789165,0.18404501998901335
2026-08-14,I_025,2.6418,2.466024,0.1757760780334472
2026-08-14,I_003,4.5696,4.88603,0.31643019714355436
2026-08-14,I_024,2.6856600000000004,2.6969676,0.011307601776122667
2026-08-14,I_034,2.9160000000000004,1.8195893,1.096410742759705
2026-08-14,I_013,4.6764,4.810513,0.13411301956176747
2026-08-14,I_032,1.9158,2.0235264,0.10772643013000494
2026-08-14,I_016,0.26368,0.28706613,0.02338613183021543
2026-08-14,I_033,1.3596,1.7823163,0.4227163270950318
2026-08-14,I_019,10.42335,9.776602,0.6467482086181633
2026-08-14,I_027,0.8940400000000001,0.89469016,0.0006501559829711345
2026-08-14,I_021,4.3848,3.9069386,0.47786144714355494
2026-08-14,I_029,8.2044,7.921186,0.2832140296936032
2026-08-14,I_015,1.45908,1.3872844,0.07179560192108148
2026-08-14,I_001,10.7429,12.55196,1.8090599914550776
2026-08-14,I_005,0.10244,0.12390442,0.021464421925544735
2026-08-14,I_022,1.4008,1.3469903,0.05380965309143071
2026-08-14,I_031,1.5759,2.0635445,0.48764451179504387
2026-08-14,I_011,1.12888,1.1145263,0.014353728179931746
2026-08-14,I_012,1.86224,1.9457103,0.08347030139923106
2026-08-14,I_010,4.293000000000001,4.608162,0.3151619262695302
2026-08-14,I_023,0.020384,0.07364233,0.05325832838153839
2026-08-14,I_026,15.0984,16.096233,0.997833367919922
2026-08-15,I_008,0.8802,0.8848844,0.004684417057037371
2026-08-15,I_023,0.023816,0.13507374,0.11125773631000518
2026-08-15,I_031,2.2969000000000004,2.5172145,0.22031453666686973
2026-08-15,I_025,2.9325,2.9043036,0.028196449279785263
2026-08-15,I_015,1.80468,1.8010582,0.003621826820373597
2026-08-15,I_018,6.8264000000000005,7.8548684,1.0284684120178218
2026-08-15,I_016,0.31724,0.36571926,0.04847925878524778
2026-08-15,I_017,7.580900000000001,7.5798507,0.0010493263244635287
2026-08-15,I_002,0.16686,0.20705922,0.040199219479560844
2026-08-15,I_022,1.68714,1.6965622,0.009422170982360756
2026-08-15,I_034,1.1664,2.0578096,0.8914095912933349
2026-08-15,I_021,5.1408000000000005,4.3016324,0.8391675956726079
2026-08-15,I_011,1.4183100000000002,1.2865343,0.13177569061279315
2026-08-15,I_010,4.982000000000001,5.201694,0.21969401168823133
2026-08-15,I_026,18.171,18.248978,0.07797766113281313
2026-08-15,I_027,1.10725,1.042622,0.06462802982330329
2026-08-15,I_019,12.19995,12.052735,0.147214671325683
2026-08-15,I_033,2.1527,2.205821,0.05312103729248063
2026-08-15,I_032,2.7192,2.3171015,0.4020985214233397
2026-08-15,I_001,13.1531,14.809223,1.656123175048828
2026-08-15,I_004,5.0544,4.7627163,0.2916837066650393
2026-08-15,I_013,5.65488,5.7638507,0.10897068893432582
2026-08-15,I_029,9.7202,9.517011,0.2031893112182619
2026-08-15,I_024,3.16914,3.116617,0.05252303565979011
2026-08-15,I_028,15.8929,15.225357,0.6675429443359366
2026-08-15,I_005,0.12012,0.18576847,0.0656484701681137
2026-08-15,I_012,2.20935,2.199712,0.009637961959839014
2026-08-15,I_003,5.3592,5.7616925,0.4024925239562984
2026-08-15,I_007,48.5162,49.212574,0.6963740051269554
2026-08-15,I_020,19.7262,19.617748,0.10845173950195175
2026-08-15,I_009,1.15566,1.2008555,0.04519549354553232
2026-08-15,I_030,10.653,11.186581,0.5335806579589839
2026-08-15,I_014,5.57928,5.7052035,0.12592353317260763
2026-08-15,I_006,1.75552,1.8860706,0.13055060909271243
2026-08-16,I_025,2.7438,2.8369,0.09309999580383321
2026-08-16,I_010,5.2841000000000005,4.85649,0.42760986480712937
2026-08-16,I_014,5.238,5.0216184,0.21638163375854536
2026-08-16,I_034,2.3328,1.6995807,0.633219330596924
2026-08-16,I_031,2.3278000000000003,2.1141436,0.21365638999938996
2026-08-16,I_016,0.30488,0.2763269,0.02855310523986815
2026-08-16,I_004,4.4496,4.518872,0.06927178421020486
2026-08-16,I_024,2.99574,3.0945926,0.09885257125854485
2026-08-16,I_032,2.1012,2.429002,0.32780204658508305
2026-08-16,I_020,18.4248,17.327951,1.0968485687255871
2026-08-16,I_028,14.6466,13.71665,0.929949990844726
2026-08-16,I_011,1.3122200000000002,1.2608247,0.05139531967163102
2026-08-16,I_026,16.794,16.74079,0.053210586547852046
2026-08-16,I_017,8.462000000000002,7.4549866,1.0070134277343765
2026-08-16,I_008,0.7765200000000001,0.7707266,0.00579337884902964
2026-08-16,I_003,5.41485,5.0341372,0.38071275100708046
2026-08-16,I_018,7.7698,7.4960594,0.27374058227539066
2026-08-16,I_007,45.3892,44.891663,0.49753740234375243
2026-08-16,I_030,9.858,10.419277,0.5612771911621088
2026-08-16,I_009,1.20304,1.0443132,0.1587268076324464
2026-08-16,I_001,11.2064,13.572042,2.3656424652099606
2026-08-16,I_015,1.64808,1.5077176,0.1403623905944824
2026-08-16,I_005,0.10348,0.09400933,0.009470667641162875
2026-08-16,I_012,2.0733900000000003,1.9945812,0.0788087774658206
2026-08-16,I_002,0.17098,0.11961213,0.051367872457504266
2026-08-16,I_013,5.32008,5.047788,0.27229185684204094
2026-08-16,I_023,0.019656,0.0315566,0.011900598842144013
2026-08-16,I_033,2.0394,1.7411678,0.2982322162628175
2026-08-16,I_019,11.10375,10.636012,0.4677379226684568
2026-08-16,I_027,0.98468,0.96922714,0.015452864818572998
2026-08-16,I_021,4.428,4.199324,0.22867586898803705
2026-08-16,I_029,9.5135,8.804639,0.7088611373901372
2026-08-16,I_022,1.51307,1.4746966,0.03837336380004874
2026-08-16,I_006,1.91776,1.7549444,0.16281555629730216
2026-08-17,I_013,3.5035200000000004,3.3763888,0.1271312117767338
2026-08-17,I_024,1.99716,2.0243697,0.027209716644287063
2026-08-17,I_007,30.3054,30.247128,0.05827246704101441
2026-08-17,I_020,12.2526,11.852863,0.39973668823242114
2026-08-17,I_032,1.6686,1.6052225,0.063377536392212
2026-08-17,I_014,3.4754400000000003,3.3261614,0.14927861541748078
2026-08-17,I_028,9.1464,10.0681715,0.9217715011596681
2026-08-17,I_004,2.3598,3.0533626,0.6935626079559327
2026-08-17,I_010,3.2595000000000005,3.1101794,0.14932057571411184
2026-08-17,I_011,0.8332700000000001,0.9075052,0.07423521421432488
2026-08-17,I_005,0.08684,0.0,0.08684
2026-08-17,I_029,6.503100000000001,5.4379706,1.0651293617248543
2026-08-17,I_021,3.024,2.6955123,0.3284877052307129
2026-08-17,I_027,0.6870100000000001,0.6824242,0.004585812339782835
2026-08-17,I_019,7.3143,7.270818,0.04348176651001001
2026-08-17,I_034,0.7776000000000001,1.1742725,0.39667253723144524
2026-08-17,I_033,0.96305,1.2320982,0.26904822177886967
2026-08-17,I_009,0.8034,0.78158534,0.021814664268493655
2026-08-17,I_001,9.8056,8.379795,1.4258049255371095
2026-08-17,I_002,0.09682,0.026187178,0.07063282225251198
2026-08-17,I_022,1.0979800000000002,1.0682652,0.029714800338745295
2026-08-17,I_006,1.22408,1.2014853,0.022594723777771053
2026-08-17,I_025,1.6422,2.0464792,0.4042792251586913
2026-08-17,I_016,0.18128,0.12700702,0.05427297749996185
2026-08-17,I_031,1.5759000000000003,1.3907804,0.18511955108642608
2026-08-17,I_008,0.61128,0.545275,0.06600502708435063
2026-08-17,I_017,5.5279,5.197905,0.3299949363708494
2026-08-17,I_030,7.473000000000001,7.392674,0.08032603073120193
2026-08-17,I_012,1.4286100000000002,1.3377504,0.09085956512451188
2026-08-17,I_023,0.017992,0.0,0.017992
2026-08-17,I_003,3.297,3.381642,0.08464210319519028
2026-08-17,I_026,11.3238,11.215499,0.10830107574462922
2026-08-17,I_018,4.732900000000001,5.797336,1.0644361015319816
2026-08-17,I_015,1.08756,1.1093628,0.021802840652465738
2026-08-18,I_015,0.90828,1.0610029,0.15272285053253176
2026-08-18,I_033,1.3596,1.1677788,0.19182115039825431
2026-08-18,I_001,7.7044,9.071736,1.3673363357543948
2026-08-18,I_016,0.21218,0.12903415,0.08314585333347321
2026-08-18,I_032,1.1124,1.6255114,0.5131114078521728
2026-08-18,I_014,3.18168,3.326729,0.1450490592193603
2026-08-18,I_024,1.80642,1.9721622,0.16574224670410165
2026-08-18,I_003,3.43875,3.3203368,0.11841318130493184
2026-08-18,I_004,2.5164000000000004,2.8546307,0.3382307086944576
2026-08-18,I_011,0.79207,0.80594563,0.013875634841918894
2026-08-18,I_023,0.01612,0.0,0.01612
2026-08-18,I_009,0.69937,0.699074,0.000296029682159471
2026-08-18,I_006,1.24904,1.2159148,0.03312515453338616
2026-08-18,I_019,6.8208,7.424949,0.6041491691589354
2026-08-18,I_020,11.340000000000002,11.282623,0.057376708984376634
2026-08-18,I_018,6.381200000000001,6.6170745,0.2358744895935052
2026-08-18,I_026,10.7892,11.337439,0.5482385833740242
2026-08-18,I_028,9.3215,9.932982,0.6114824447631833
2026-08-18,I_030,7.473000000000001,7.530427,0.05742697906494065
2026-08-18,I_008,0.46224,0.48138452,0.019144515762329117
2026-08-18,I_012,1.3596,1.4155136,0.05591363468170174
2026-08-18,I_010,3.429100000000001,3.1773636,0.25173636589050385
2026-08-18,I_005,0.07748,0.0,0.07748
2026-08-18,I_029,5.761100000000001,5.5948043,0.16629571304321367
2026-08-18,I_017,4.2095,5.0094724,0.7999723701477048
2026-08-18,I_013,3.20976,3.4796033,0.26984329055786116
2026-08-18,I_031,1.1433000000000002,1.4740822,0.33078223152160624
2026-08-18,I_002,0.0824,0.017480394,0.064919606128335
2026-08-18,I_007,27.931,26.665552,1.2654478607177744
2026-08-18,I_034,2.1384000000000003,1.0656309,1.0727690872192386
2026-08-18,I_022,0.95275,1.0239972,0.07124718761444093
2026-08-18,I_027,0.60358,0.6308395,0.02725952665328979
2026-08-18,I_025,1.9278,1.8490914,0.0787085893630981
2026-08-18,I_021,1.5552,2.7920976,1.236897568511963
2026-08-19,I_005,0.07852,0.022890603,0.055629396830201155
2026-08-19,I_033,1.133,1.3174627,0.18446268272399902
2026-08-19,I_004,2.9916,2.905854,0.08574601325988773
2026-08-19,I_022,1.09077,1.0258827,0.06488727905273439
2026-08-19,I_021,2.2464,2.5684612,0.3220611797332764
2026-08-19,I_028,10.1043,10.30388,0.19957973785400362
2026-08-19,I_015,1.05732,1.0583802,0.0010602461624145132
2026-08-19,I_014,3.5964,3.4234695,0.1729304565429688
2026-08-19,I_027,0.7034900000000001,0.62905765,0.07443235420227057
2026-08-19,I_026,12.2526,11.6441765,0.6084235168457024
2026-08-19,I_006,1.36864,1.2074668,0.16117315925598152
2026-08-19,I_010,3.6941000000000006,3.2873769,0.40672311935424865
2026-08-19,I_020,12.8628,12.460947,0.40185296325683595
2026-08-19,I_024,2.0512200000000003,1.9779571,0.07326287052154568
2026-08-19,I_023,0.014768,0.0,0.014768
2026-08-19,I_009,0.82194,0.7631746,0.05876540655136109
2026-08-19,I_007,29.7648,29.071598,0.6932019470214854
2026-08-19,I_032,2.163,1.6430396,0.5199604158401487
2026-08-19,I_017,4.8643,4.7404838,0.12381623916625983
2026-08-19,I_025,2.0706,1.8739799,0.19662007389068625
2026-08-19,I_029,6.2699,5.9490423,0.32085767974853496
2026-08-19,I_012,1.45436,1.4817241,0.02736414302825918
2026-08-19,I_030,8.586,6.916661,1.6693392143249515
2026-08-19,I_034,1.3608000000000002,1.2988435,0.06195649700164818
2026-08-19,I_008,0.54972,0.5027725,0.04694748994827269
2026-08-19,I_001,8.3018,9.514335,1.2125346786499023
2026-08-19,I_018,4.9184,6.5051003,1.5867002502441405
2026-08-19,I_002,0.09682,0.05061921,0.0462007889521122
2026-08-19,I_003,3.6393,3.4692354,0.1700645797729492
2026-08-19,I_013,3.63528,3.431572,0.2037080395507811
2026-08-19,I_019,7.98,7.6938353,0.2861647415161137
2026-08-19,I_011,0.8919800000000001,0.8748687,0.01711130903244029
2026-08-19,I_031,1.2051000000000005,1.5179842,0.31288415184020946
2026-08-19,I_016,0.22042,0.17492425,0.04549574558258057
2026-08-20,I_007,33.0508,29.092638,3.958161984252932
2026-08-20,I_006,1.36968,1.3198473,0.04983265464782716
2026-08-20,I_026,13.4028,12.090177,1.3126234176635734
2026-08-20,I_015,1.21176,1.1672691,0.04449088932037348
2026-08-20,I_008,0.56484,0.57987165,0.015031654510498038
2026-08-20,I_023,0.014872,0.0,0.014872
2026-08-20,I_022,1.20201,1.1331167,0.06889327789306643
2026-08-20,I_025,1.9941,1.9761989,0.017901088333129866
2026-08-20,I_013,4.06512,3.5873992,0.4777207556915286
2026-08-20,I_009,0.90331,0.8451766,0.05813342243194575
2026-08-20,I_002,0.12566,0.08556244,0.04009756222724914
2026-08-20,I_032,2.3484,1.7548369,0.5935630830764769
2026-08-20,I_031,1.6068000000000002,1.6032679,0.0035320919036867515
2026-08-20,I_017,6.307499999999999,5.340421,0.9670788002014152
2026-08-20,I_034,1.3608000000000002,1.4477589,0.0869589130401609
2026-08-20,I_012,1.59753,1.5960023,0.0015276596832274336
2026-08-20,I_030,8.586,7.5903354,0.9956646308898929
2026-08-20,I_001,7.817699999999999,8.992462,1.1747621582031256
2026-08-20,I_018,6.1957,6.7406454,0.5449454086303707
2026-08-20,I_003,4.280850000000001,3.6729243,0.607925719833375
2026-08-20,I_033,1.64285,1.3227594,0.3200906101226806
2026-08-20,I_019,8.3748,7.697043,0.6777570579528813
2026-08-20,I_029,6.794600000000001,6.282302,0.5122980972290048
2026-08-20,I_024,2.26542,2.0480528,0.2173672122192385
2026-08-20,I_004,3.7098,3.0701811,0.639618868637085
2026-08-20,I_016,0.25132,0.21152219,0.039797808237075794
2026-08-20,I_028,9.8468,10.669143,0.8223427230834961
2026-08-20,I_014,4.00896,3.570423,0.43853711219787606
2026-08-20,I_010,3.948500000000001,3.445937,0.502563081741334
2026-08-20,I_005,0.0702,0.051397447,0.018802553457021712
2026-08-20,I_027,0.78795,0.7459998,0.041950186920166055
2026-08-20,I_021,2.5704,2.887659,0.31725907287597677
2026-08-20,I_011,1.04339,0.9258162,0.11757382167816166
2026-08-20,I_020,14.013000000000002,12.8727,1.1403002624511736
2026-08-21,I_017,6.9264,6.932421,0.006021207427978403
2026-08-21,I_032,1.7304,2.1094642,0.37906416854858405
2026-08-21,I_001,10.9283,12.165525,1.237225436401367
2026-08-21,I_002,0.13802,0.14561516,0.007595160465240475
2026-08-21,I_003,5.1639,4.8051376,0.3587623657226562
2026-08-21,I_004,4.3146,4.305063,0.009537229156494575
2026-08-21,I_005,0.09724,0.11588354,0.018643536636829383
2026-08-21,I_006,1.8304,1.6751499,0.15525008239746096
2026-08-21,I_007,38.2872,39.628826,1.3416261413574233
2026-08-21,I_008,0.6663600000000001,0.70954263,0.043182632102966245
2026-08-21,I_009,1.14124,1.0170546,0.12418544219970706
2026-08-21,I_010,5.310600000000001,4.6061845,0.704415517425538
2026-08-21,I_011,1.15051,1.1508954,0.0003853571319580862
2026-08-21,I_012,1.97863,1.9376897,0.04094033802032482
2026-08-21,I_013,4.89888,4.759809,0.13907098281860364
2026-08-21,I_014,4.82976,4.738461,0.0912989823913577
2026-08-21,I_033,2.0394,1.7158132,0.32358684005737315
2026-08-21,I_015,1.45044,1.4224075,0.02803249210357661
2026-08-21,I_018,6.6462,7.4804745,0.8342744720458981
2026-08-21,I_019,10.3152,10.086221,0.22897925872802816
2026-08-21,I_020,17.2584,16.634178,0.624221838378908
2026-08-21,I_021,3.78,3.7645657,0.015434293746948047
2026-08-21,I_022,1.43582,1.3821135,0.05370654327392588
2026-08-21,I_023,0.018512,0.0441839,0.025671898717164993
2026-08-21,I_024,2.7438,2.7784321,0.03463213081359884
2026-08-21,I_025,2.5296000000000003,2.4520266,0.07757339439392119
2026-08-21,I_026,16.3134,15.438163,0.8752371963500991
2026-08-21,I_027,0.8785900000000001,0.91260886,0.03401886192321768
2026-08-21,I_028,12.978000000000002,13.395424,0.4174238891601547
2026-08-21,I_029,8.3475,7.8231583,0.5243417358398439
2026-08-21,I_030,12.243,9.572279,2.6707210235595706
2026-08-21,I_031,1.8231,1.9554799,0.1323798603057862
2026-08-21,I_016,0.32136,0.2790453,0.042314686403274515
2026-08-21,I_034,1.944,1.9810638,0.03706384277343755
