Ingredient_ID,Ingredient_name,Current_stock(kg),Safety_Stock_level(kg),Shelf_life(days),Reorder_lead_time(days),avg_daily_usage_forecast(kg),days_until_safety_breach,order_by_date,par_coverage_days,recommended_order_qty(kg),status
I_007,Chicken,72.0,36.0,3,1,36.15399932861328,1,2026-08-21,2.1,115.69000244140625,ORDER NOW - lead time already tight or overdue
I_018,Milk,13.0,6.4,3,1,6.890999794006348,1,2026-08-21,2.1,21.469999313354492,ORDER NOW - lead time already tight or overdue
I_013,Garlic,21.0,13.0,30,2,4.340000152587891,2,2026-08-21,14.0,67.1500015258789,ORDER NOW - lead time already tight or overdue
I_008,Coriander,2.6,1.3,5,1,0.6610000133514404,2,2026-08-22,3.5,1.9600000381469727,ORDER NOW - lead time already tight or overdue
I_014,Ginger,21.0,13.0,30,2,4.289000034332275,2,2026-08-21,14.0,66.13999938964844,ORDER NOW - lead time already tight or overdue
I_023,Saffron,0.277,0.148,730,7,0.039,2,2026-08-16,14.0,0.8,ORDER NOW - lead time already tight or overdue
I_020,Onion,75.0,45.0,30,2,15.065999984741211,2,2026-08-21,14.0,230.1199951171875,ORDER NOW - lead time already tight or overdue
I_010,Cream,20.0,12.0,15,2,4.0879998207092285,2,2026-08-21,10.5,44.31999969482422,ORDER NOW - lead time already tight or overdue
I_030,Paneer,44.0,26.0,7,2,8.937000274658203,2,2026-08-21,4.9,44.08000183105469,ORDER NOW - lead time already tight or overdue
I_034,Brinjal,6.5,3.2,7,1,1.4709999561309814,2,2026-08-22,4.9,5.679999828338623,ORDER NOW - lead time already tight or overdue
I_029,Yogurt,37.0,15.0,10,1,7.456999778747559,3,2026-08-23,7.0,55.29999923706055,Order by 2026-08-23
I_015,Green chilli,6.6,2.7,10,1,1.3580000400543213,3,2026-08-23,7.0,10.170000076293945,Order by 2026-08-23
I_004,Capsicum,18.0,7.3,10,1,3.7039999961853027,3,2026-08-23,7.0,27.780000686645508,Order by 2026-08-23
I_026,Tomato,70.0,28.0,10,1,14.204999923706055,3,2026-08-23,7.0,104.37000274658203,Order by 2026-08-23
I_016,Kasuri methi,3.8,1.5,365,5,0.3569999933242798,7,2026-08-23,14.0,4.929999828338623,Order by 2026-08-23
I_021,Potato,33.0,9.8,45,2,3.4070000648498535,7,2026-08-26,14.0,49.41999816894531,Order by 2026-08-26
I_003,Butter,42.0,13.0,60,2,4.333000183105469,7,2026-08-26,14.0,61.52000045776367,Order by 2026-08-26
I_031,Rajma,27.0,11.0,730,5,1.9270000457763672,9,2026-08-25,14.0,28.649999618530273,Order by 2026-08-25
I_024,Salt,36.0,14.0,1825,5,2.4800000190734863,9,2026-08-25,14.0,36.08000183105469,Order by 2026-08-25
I_027,Turmeric,12.0,5.0,365,5,0.7979999780654907,9,2026-08-25,14.0,11.720000267028809,Order by 2026-08-25
I_005,Cardamom,1.3,0.531,730,5,0.082,9,2026-08-25,14.0,1.21,Order by 2026-08-25
I_009,Coriander powder,14.0,5.6,365,5,0.9319999814033508,9,2026-08-25,14.0,13.399999618530273,Order by 2026-08-25
I_012,Garam masala,26.0,10.0,365,5,1.7070000171661377,9,2026-08-25,14.0,23.850000381469727,Order by 2026-08-25
I_011,Cumin,16.0,6.3,365,5,1.0379999876022339,9,2026-08-25,14.0,14.529999732971191,Order by 2026-08-25
I_032,Tur Dal,29.0,12.0,730,5,2.0169999599456787,9,2026-08-25,14.0,29.780000686645508,Order by 2026-08-25
I_025,Sugar,34.0,14.0,1825,5,2.296999931335449,9,2026-08-25,14.0,33.54999923706055,Order by 2026-08-25
I_033,Urad Dal,24.0,9.5,730,5,1.5950000286102295,9,2026-08-25,14.0,23.25,Order by 2026-08-25
I_022,Red chilli,19.0,7.7,365,5,1.3070000410079956,9,2026-08-25,14.0,19.200000762939453,Order by 2026-08-25
I_002,Black pepper,1.9,0.764,730,5,0.1,10,2026-08-26,14.0,1.32,Order by 2026-08-26
I_006,Cashew,22.0,7.2,180,4,1.4479999542236328,10,2026-08-27,14.0,20.290000915527344,Order by 2026-08-27
I_001,Rice,151.0,40.0,365,3,10.319000244140625,11,2026-08-29,14.0,146.9600067138672,Order by 2026-08-29
I_019,Oil/Ghee,137.0,37.0,270,3,9.208000183105469,11,2026-08-29,14.0,130.13999938964844,Order by 2026-08-29
I_028,Wheat flour,178.0,47.0,180,3,12.012999534606934,11,2026-08-29,14.0,168.22999572753906,Order by 2026-08-29
I_017,Maida,92.0,25.0,180,3,6.199999809265137,11,2026-08-29,14.0,87.69999694824219,Order by 2026-08-29
